STATE,RESTORATION_FY,COUNT
Alabama,2020,3
Alabama,2021,6
Alabama,2023,1
Alabama,1998,2
Alabama,1999,3
Alabama,2001,2
Alabama,2002,2
Alabama,2004,4
Alabama,2005,2
Alabama,2007,3
Alabama,2008,2
Alabama,2010,5
Alabama,2011,9
Alabama,2012,30
Alabama,2013,18
Alabama,2014,20
Alabama,2015,10
Alabama,2016,25
Alabama,2017,18
Alabama,2018,17
Alabama,2019,14
Alabama,2020,4
Alabama,2021,2
Alabama,2022,1
Alaska,2012,1
Arizona,2003,1
Arizona,2005,1
Arizona,2010,1
Arkansas,2016,12
Arkansas,2017,11
Arkansas,2018,20
Arkansas,2019,21
Arkansas,2020,20
Arkansas,2021,4
Arkansas,2022,17
Arkansas,2006,2
Arkansas,2013,2
Arkansas,2014,3
Arkansas,2016,1
Arkansas,2012,2
Arkansas,1996,5
Arkansas,1997,16
Arkansas,1998,45
Arkansas,1999,44
Arkansas,2000,24
Arkansas,2001,19
Arkansas,2002,23
Arkansas,2003,18
Arkansas,2004,34
Arkansas,2005,27
Arkansas,2006,74
Arkansas,2007,46
Arkansas,2008,37
Arkansas,2009,10
Arkansas,2010,13
Arkansas,2011,7
Arkansas,2012,11
Arkansas,2013,23
Arkansas,2014,38
Arkansas,2015,36
Arkansas,2016,26
Arkansas,2017,7
Arkansas,2018,5
California,2016,2
California,2018,3
California,2019,2
California,2020,6
California,2021,1
California,2022,3
California,2023,1
California,2007,1
California,2008,1
California,2011,1
California,2013,1
California,2014,1
California,2015,1
California,2016,1
California,2012,2
California,2013,1
California,2015,1
California,2016,7
California,2022,1
California,1994,4
California,1995,3
California,1996,4
California,1997,6
California,1998,9
California,1999,12
California,2000,18
California,2001,14
California,2002,11
California,2003,18
California,2004,5
California,2005,11
California,2006,20
California,2007,16
California,2008,17
California,2009,20
California,2010,12
California,2011,22
California,2012,15
California,2013,11
California,2014,20
California,2015,7
California,2016,16
California,2017,7
California,2018,7
California,2019,12
California,2020,6
California,2021,3
California,2022,3
Colorado,2005,2
Colorado,2006,2
Colorado,2007,2
Colorado,2010,1
Colorado,2011,2
Colorado,2012,2
Colorado,2013,1
Colorado,2014,1
Colorado,2016,1
Colorado,2017,3
Colorado,2018,3
Colorado,2000,1
Colorado,2001,1
Colorado,2002,1
Colorado,2003,3
Colorado,2004,6
Colorado,2005,2
Colorado,2006,8
Colorado,2007,9
Colorado,2008,20
Colorado,2009,20
Colorado,2010,12
Colorado,2011,4
Colorado,2012,3
Colorado,2013,2
Colorado,2014,1
Colorado,2015,2
Colorado,2017,2
Colorado,2018,4
Colorado,2019,1
Connecticut,2008,2
Connecticut,2009,1
Connecticut,2011,1
Connecticut,2012,2
Connecticut,2013,1
Connecticut,1998,1
Connecticut,2001,1
Connecticut,2005,1
Connecticut,2006,1
Connecticut,2010,7
Connecticut,2012,1
Connecticut,2013,1
Connecticut,2014,1
Delaware,2017,1
Delaware,2019,1
Delaware,2021,2
Delaware,2022,1
Delaware,2007,1
Delaware,2008,2
Delaware,1998,3
Delaware,2002,1
Delaware,2005,1
Delaware,2008,4
Delaware,2009,7
Delaware,2010,4
Delaware,2011,8
Delaware,2012,5
Delaware,2013,1
Delaware,2014,2
Delaware,2015,2
Delaware,2016,1
Delaware,2017,2
Delaware,2018,1
Florida,2019,2
Florida,2020,4
Florida,2021,21
Florida,2022,3
Florida,2000,1
Florida,2001,1
Florida,2002,1
Florida,2004,17
Florida,2005,2
Florida,2007,1
Florida,2008,8
Florida,2009,1
Florida,2010,1
Florida,2011,5
Florida,2012,13
Florida,2013,9
Florida,2014,6
Florida,2015,12
Florida,2016,1
Florida,2017,8
Florida,2018,15
Florida,2019,10
Florida,2020,5
Florida,2021,2
Florida,2022,3
Georgia,2017,1
Georgia,2018,3
Georgia,2019,3
Georgia,2020,1
Georgia,2021,2
Georgia,2022,8
Georgia,2023,2
Georgia,2011,2
Georgia,2012,4
Georgia,2015,2
Georgia,2016,3
Georgia,2019,2
Georgia,2020,1
Georgia,1997,1
Georgia,1998,1
Georgia,2000,1
Georgia,2003,1
Georgia,2004,1
Georgia,2005,7
Georgia,2006,1
Georgia,2007,4
Georgia,2008,9
Georgia,2009,7
Georgia,2010,7
Georgia,2011,5
Georgia,2012,3
Georgia,2013,11
Georgia,2014,6
Georgia,2015,18
Georgia,2016,12
Georgia,2017,4
Georgia,2018,13
Georgia,2020,1
Hawaii,2001,1
Hawaii,2002,2
Hawaii,2005,1
Hawaii,2008,1
Hawaii,2010,2
Idaho,2018,1
Idaho,2021,1
Idaho,2005,3
Idaho,2006,2
Idaho,2007,3
Idaho,2010,1
Idaho,2011,1
Idaho,2012,4
Idaho,2013,9
Idaho,2014,12
Idaho,2015,6
Idaho,2016,1
Idaho,2017,1
Idaho,2000,3
Idaho,2001,2
Idaho,2002,6
Idaho,2003,5
Idaho,2004,3
Idaho,2005,6
Idaho,2006,5
Idaho,2007,5
Idaho,2008,5
Idaho,2009,3
Idaho,2010,2
Idaho,2011,1
Idaho,2012,1
Idaho,2013,2
Idaho,2014,5
Idaho,2015,2
Idaho,2016,6
Idaho,2018,1
Idaho,2020,2
Illinois,2017,2
Illinois,2018,2
Illinois,2020,4
Illinois,2021,5
Illinois,2022,10
Illinois,2023,3
Illinois,1996,1
Illinois,1997,10
Illinois,1998,3
Illinois,1999,18
Illinois,2000,4
Illinois,2001,2
Illinois,2003,1
Illinois,2004,2
Illinois,2007,2
Illinois,2008,1
Illinois,2011,1
Illinois,2012,2
Illinois,2013,2
Illinois,2014,1
Illinois,1996,15
Illinois,1997,15
Illinois,1998,11
Illinois,1999,20
Illinois,2000,18
Illinois,2001,23
Illinois,2002,13
Illinois,2003,17
Illinois,2004,24
Illinois,2005,15
Illinois,2006,39
Illinois,2007,14
Illinois,2008,9
Illinois,2009,3
Illinois,2010,19
Illinois,2011,9
Illinois,2012,12
Illinois,2013,10
Illinois,2014,9
Illinois,2015,2
Illinois,2016,19
Illinois,2017,5
Illinois,2018,6
Indiana,2016,2
Indiana,2017,4
Indiana,2018,15
Indiana,2019,26
Indiana,2020,29
Indiana,2021,29
Indiana,2022,16
Indiana,2023,2
Indiana,2005,1
Indiana,2006,6
Indiana,2008,2
Indiana,2010,1
Indiana,2012,3
Indiana,2013,2
Indiana,2015,2
Indiana,2012,2
Indiana,2013,1
Indiana,2014,2
Indiana,2015,5
Indiana,2021,1
Indiana,2022,1
Indiana,1995,1
Indiana,1996,9
Indiana,1997,12
Indiana,1998,19
Indiana,1999,41
Indiana,2000,20
Indiana,2001,35
Indiana,2002,25
Indiana,2003,34
Indiana,2004,28
Indiana,2005,22
Indiana,2006,45
Indiana,2007,33
Indiana,2008,46
Indiana,2009,46
Indiana,2010,33
Indiana,2011,64
Indiana,2012,60
Indiana,2013,47
Indiana,2014,23
Indiana,2015,31
Indiana,2016,10
Indiana,2017,6
Indiana,2018,1
Indiana,2019,1
Iowa,2016,4
Iowa,2017,7
Iowa,2018,9
Iowa,2019,7
Iowa,2020,17
Iowa,2021,14
Iowa,2022,9
Iowa,1994,6
Iowa,1995,20
Iowa,1996,126
Iowa,1997,81
Iowa,1998,41
Iowa,1999,30
Iowa,2000,28
Iowa,2001,15
Iowa,2002,15
Iowa,2003,4
Iowa,2004,6
Iowa,2005,3
Iowa,2006,2
Iowa,2007,9
Iowa,2008,1
Iowa,2009,1
Iowa,2010,3
Iowa,2012,10
Iowa,2006,2
Iowa,2007,2
Iowa,2010,3
Iowa,2011,7
Iowa,2012,14
Iowa,2014,3
Iowa,1993,4
Iowa,1994,21
Iowa,1995,20
Iowa,1996,37
Iowa,1997,22
Iowa,1998,12
Iowa,1999,33
Iowa,2000,45
Iowa,2001,30
Iowa,2002,47
Iowa,2003,38
Iowa,2004,36
Iowa,2005,37
Iowa,2006,43
Iowa,2007,53
Iowa,2008,41
Iowa,2009,31
Iowa,2010,34
Iowa,2011,42
Iowa,2012,69
Iowa,2013,58
Iowa,2014,44
Iowa,2015,48
Iowa,2016,23
Iowa,2017,8
Iowa,2018,6
Kansas,2016,2
Kansas,2017,3
Kansas,2018,10
Kansas,2019,3
Kansas,2020,4
Kansas,2022,6
Kansas,2023,1
Kansas,1996,2
Kansas,1997,2
Kansas,2005,2
Kansas,2006,32
Kansas,2007,13
Kansas,2010,1
Kansas,2011,18
Kansas,2012,5
Kansas,2013,10
Kansas,2014,6
Kansas,1996,8
Kansas,1997,7
Kansas,1998,4
Kansas,1999,7
Kansas,2000,4
Kansas,2001,10
Kansas,2002,7
Kansas,2003,9
Kansas,2004,7
Kansas,2005,5
Kansas,2006,12
Kansas,2007,16
Kansas,2008,13
Kansas,2009,10
Kansas,2010,7
Kansas,2011,13
Kansas,2012,24
Kansas,2013,22
Kansas,2014,9
Kansas,2015,5
Kansas,2016,11
Kansas,2017,5
Kansas,2018,1
Kentucky,2016,1
Kentucky,2017,5
Kentucky,2018,5
Kentucky,2019,1
Kentucky,2020,16
Kentucky,2021,11
Kentucky,2022,5
Kentucky,2006,3
Kentucky,2007,2
Kentucky,2008,4
Kentucky,2009,2
Kentucky,2010,2
Kentucky,2013,2
Kentucky,2014,1
Kentucky,2015,4
Kentucky,2019,1
Kentucky,2013,3
Kentucky,2014,3
Kentucky,2015,3
Kentucky,2016,2
Kentucky,2017,2
Kentucky,2018,3
Kentucky,1997,1
Kentucky,1998,3
Kentucky,1999,1
Kentucky,2000,1
Kentucky,2001,9
Kentucky,2002,9
Kentucky,2003,13
Kentucky,2004,4
Kentucky,2005,2
Kentucky,2006,7
Kentucky,2007,21
Kentucky,2008,10
Kentucky,2009,11
Kentucky,2010,6
Kentucky,2011,3
Kentucky,2012,8
Kentucky,2013,33
Kentucky,2014,10
Kentucky,2015,6
Kentucky,2016,9
Kentucky,2017,31
Kentucky,2018,14
Kentucky,2019,2
Kentucky,2020,6
Kentucky,2021,1
Louisiana,2017,8
Louisiana,2018,16
Louisiana,2019,31
Louisiana,2020,31
Louisiana,2021,38
Louisiana,2022,20
Louisiana,2012,2
Louisiana,2013,2
Louisiana,1993,1
Louisiana,1994,21
Louisiana,1995,14
Louisiana,1996,32
Louisiana,1997,10
Louisiana,1998,13
Louisiana,1999,50
Louisiana,2000,34
Louisiana,2001,68
Louisiana,2002,50
Louisiana,2003,58
Louisiana,2004,47
Louisiana,2005,60
Louisiana,2006,55
Louisiana,2007,33
Louisiana,2008,14
Louisiana,2009,16
Louisiana,2010,16
Louisiana,2011,17
Louisiana,2012,33
Louisiana,2013,20
Louisiana,2014,36
Louisiana,2015,36
Louisiana,2016,67
Louisiana,2017,80
Louisiana,2018,33
Maine,2012,1
Maine,2013,1
Maine,1996,2
Maine,1998,1
Maine,1999,1
Maine,2001,1
Maine,2004,4
Maine,2005,1
Maine,2007,3
Maine,2013,1
Maine,2016,1
Maine,2017,3
Maine,2018,1
Maryland,2015,1
Maryland,2019,6
Maryland,2020,3
Maryland,2021,3
Maryland,2022,2
Maryland,2020,1
Maryland,2022,2
Maryland,1997,1
Maryland,1998,5
Maryland,1999,3
Maryland,2000,2
Maryland,2001,5
Maryland,2002,1
Maryland,2003,1
Maryland,2004,6
Maryland,2005,8
Maryland,2006,5
Maryland,2007,3
Maryland,2008,5
Maryland,2009,1
Maryland,2010,9
Maryland,2011,2
Maryland,2012,7
Maryland,2013,1
Maryland,2014,15
Maryland,2015,8
Maryland,2016,8
Maryland,2017,11
Maryland,2018,6
Maryland,2019,5
Maryland,2020,4
Maryland,2021,1
Massachusetts,2020,1
Massachusetts,2021,1
Massachusetts,1997,1
Massachusetts,1999,1
Massachusetts,2003,1
Massachusetts,2007,1
Massachusetts,2008,2
Massachusetts,2009,2
Massachusetts,2010,3
Massachusetts,2011,3
Massachusetts,2012,2
Massachusetts,2013,7
Massachusetts,2016,1
Massachusetts,2018,1
Massachusetts,2019,2
Michigan,2018,1
Michigan,2019,1
Michigan,2020,4
Michigan,2021,3
Michigan,2022,1
Michigan,2009,1
Michigan,2010,2
Michigan,2011,1
Michigan,2012,2
Michigan,2013,2
Michigan,2014,2
Michigan,2014,2
Michigan,2017,4
Michigan,1996,1
Michigan,1997,10
Michigan,1998,9
Michigan,1999,12
Michigan,2000,25
Michigan,2001,31
Michigan,2002,25
Michigan,2003,22
Michigan,2004,36
Michigan,2005,41
Michigan,2006,34
Michigan,2007,24
Michigan,2008,26
Michigan,2009,18
Michigan,2010,33
Michigan,2011,14
Michigan,2012,14
Michigan,2013,11
Michigan,2014,11
Michigan,2015,14
Michigan,2016,23
Michigan,2017,19
Michigan,2018,19
Michigan,2019,4
Michigan,2020,1
Michigan,2021,1
Minnesota,2019,4
Minnesota,2020,8
Minnesota,2021,5
Minnesota,1995,3
Minnesota,1996,15
Minnesota,1997,5
Minnesota,1998,1
Minnesota,1999,1
Minnesota,2013,1
Minnesota,2014,3
Minnesota,2021,1
Minnesota,2022,2
Minnesota,1993,1
Minnesota,1994,2
Minnesota,1995,3
Minnesota,1996,12
Minnesota,1997,25
Minnesota,1998,19
Minnesota,1999,14
Minnesota,2000,18
Minnesota,2001,20
Minnesota,2002,38
Minnesota,2003,19
Minnesota,2004,41
Minnesota,2005,41
Minnesota,2006,24
Minnesota,2007,85
Minnesota,2008,33
Minnesota,2009,45
Minnesota,2010,25
Minnesota,2011,21
Minnesota,2012,46
Minnesota,2013,44
Minnesota,2014,60
Minnesota,2015,81
Minnesota,2016,63
Minnesota,2017,36
Minnesota,2018,63
Minnesota,2019,43
Minnesota,2020,37
Minnesota,2021,6
Mississippi,2018,2
Mississippi,2019,5
Mississippi,2020,8
Mississippi,2021,23
Mississippi,2022,8
Mississippi,2005,5
Mississippi,2006,1
Mississippi,2007,4
Mississippi,2008,1
Mississippi,2009,1
Mississippi,2011,1
Mississippi,2012,2
Mississippi,2013,2
Mississippi,2009,1
Mississippi,2011,1
Mississippi,2017,1
Mississippi,2019,2
Mississippi,2020,3
Mississippi,2021,1
Mississippi,2022,1
Mississippi,1994,8
Mississippi,1995,9
Mississippi,1996,7
Mississippi,1997,13
Mississippi,1998,14
Mississippi,1999,16
Mississippi,2000,29
Mississippi,2001,37
Mississippi,2002,39
Mississippi,2003,36
Mississippi,2004,43
Mississippi,2005,37
Mississippi,2006,39
Mississippi,2007,17
Mississippi,2008,20
Mississippi,2009,16
Mississippi,2010,6
Mississippi,2011,19
Mississippi,2012,27
Mississippi,2013,35
Mississippi,2014,14
Mississippi,2015,30
Mississippi,2016,22
Mississippi,2017,8
Mississippi,2018,3
Mississippi,2019,6
Mississippi,2020,5
Mississippi,2021,9
Mississippi,2022,1
Missouri,2015,1
Missouri,2016,3
Missouri,2017,5
Missouri,2018,7
Missouri,2019,4
Missouri,2020,3
Missouri,2021,7
Missouri,2022,6
Missouri,1994,1
Missouri,1995,62
Missouri,1996,29
Missouri,1998,11
Missouri,1999,9
Missouri,2000,12
Missouri,2001,4
Missouri,2002,9
Missouri,2003,6
Missouri,2004,2
Missouri,2005,1
Missouri,2012,1
Missouri,2007,7
Missouri,2008,6
Missouri,2010,5
Missouri,2011,7
Missouri,2012,10
Missouri,2013,2
Missouri,1993,3
Missouri,1994,11
Missouri,1995,6
Missouri,1996,35
Missouri,1997,32
Missouri,1998,40
Missouri,1999,37
Missouri,2000,72
Missouri,2001,57
Missouri,2002,46
Missouri,2003,55
Missouri,2004,19
Missouri,2005,36
Missouri,2006,35
Missouri,2007,29
Missouri,2008,31
Missouri,2009,34
Missouri,2010,22
Missouri,2011,25
Missouri,2012,56
Missouri,2013,41
Missouri,2014,62
Missouri,2015,28
Missouri,2016,37
Missouri,2017,22
Missouri,2018,20
Missouri,2019,4
Missouri,2020,2
Missouri,2021,1
Montana,2005,1
Montana,2006,2
Montana,2007,1
Montana,2012,1
Montana,2013,1
Montana,2014,2
Montana,2016,2
Montana,1997,1
Montana,1999,5
Montana,2000,3
Montana,2001,3
Montana,2002,3
Montana,2003,4
Montana,2004,4
Montana,2005,9
Montana,2006,4
Montana,2007,1
Montana,2008,4
Montana,2009,5
Montana,2010,1
Montana,2011,4
Montana,2012,4
Montana,2013,6
Montana,2014,2
Montana,2015,3
Montana,2016,7
Montana,2017,2
Nebraska,2016,1
Nebraska,2017,1
Nebraska,2018,4
Nebraska,2019,2
Nebraska,2021,14
Nebraska,2022,9
Nebraska,1994,1
Nebraska,1995,2
Nebraska,1996,1
Nebraska,2006,8
Nebraska,2011,2
Nebraska,2022,1
Nebraska,1995,1
Nebraska,1996,8
Nebraska,1997,7
Nebraska,1998,11
Nebraska,1999,7
Nebraska,2000,21
Nebraska,2001,16
Nebraska,2002,23
Nebraska,2003,21
Nebraska,2004,15
Nebraska,2005,31
Nebraska,2006,59
Nebraska,2007,36
Nebraska,2008,39
Nebraska,2009,55
Nebraska,2010,32
Nebraska,2011,59
Nebraska,2012,76
Nebraska,2013,49
Nebraska,2014,34
Nebraska,2015,15
Nebraska,2016,32
Nebraska,2017,8
Nebraska,2018,4
Nebraska,2019,2
Nevada,2019,1
Nevada,2005,1
Nevada,2016,1
Nevada,2019,1
New Hampshire,2016,2
New Hampshire,2019,1
New Hampshire,2020,7
New Hampshire,2021,10
New Hampshire,2022,9
New Hampshire,1997,2
New Hampshire,1998,1
New Hampshire,1999,5
New Hampshire,2000,5
New Hampshire,2001,3
New Hampshire,2002,1
New Hampshire,2003,1
New Hampshire,2004,6
New Hampshire,2005,1
New Hampshire,2008,2
New Hampshire,2009,2
New Hampshire,2010,1
New Hampshire,2011,10
New Hampshire,2012,23
New Hampshire,2013,33
New Hampshire,2014,33
New Hampshire,2015,8
New Hampshire,2016,12
New Hampshire,2017,10
New Hampshire,2018,4
New Hampshire,2020,1
New Jersey,2020,2
New Jersey,2021,2
New Jersey,2007,1
New Jersey,1998,1
New Jersey,2000,2
New Jersey,2001,1
New Jersey,2002,1
New Jersey,2003,2
New Jersey,2004,2
New Jersey,2005,4
New Jersey,2006,1
New Jersey,2007,1
New Jersey,2009,1
New Jersey,2010,2
New Jersey,2011,1
New Jersey,2012,2
New Jersey,2013,5
New Jersey,2014,1
New Jersey,2015,1
New Jersey,2016,3
New Jersey,2017,3
New Jersey,2018,2
New Jersey,2020,1
New Jersey,2021,2
New Jersey,2022,2
New Mexico,2015,1
New Mexico,2007,1
New Mexico,2009,1
New Mexico,2010,1
New Mexico,2012,2
New Mexico,2014,2
New Mexico,2016,1
New York,2017,1
New York,2018,1
New York,2019,4
New York,2020,4
New York,2021,5
New York,2005,1
New York,2007,1
New York,1995,3
New York,1996,1
New York,1997,9
New York,1998,27
New York,1999,86
New York,2000,92
New York,2001,93
New York,2002,122
New York,2003,53
New York,2004,57
New York,2005,100
New York,2006,122
New York,2007,103
New York,2008,103
New York,2009,74
New York,2010,57
New York,2011,49
New York,2012,36
New York,2013,38
New York,2014,14
New York,2015,23
New York,2016,21
New York,2017,22
New York,2018,13
New York,2019,13
New York,2020,3
New York,2021,1
New York,2022,2
North Carolina,2011,2
North Carolina,1994,5
North Carolina,1995,2
North Carolina,1997,1
North Carolina,1998,1
North Carolina,2000,3
North Carolina,2001,4
North Carolina,2002,6
North Carolina,2003,7
North Carolina,2004,9
North Carolina,2005,2
North Carolina,2006,5
North Carolina,2007,17
North Carolina,2008,3
North Carolina,2009,8
North Carolina,2010,16
North Carolina,2011,4
North Carolina,2012,4
North Carolina,2013,9
North Carolina,2014,2
North Carolina,2017,9
North Carolina,2019,1
North Carolina,2020,2
North Dakota,2017,3
North Dakota,2018,6
North Dakota,2019,3
North Dakota,2020,9
North Dakota,2021,9
North Dakota,2022,11
North Dakota,2023,1
North Dakota,1998,1
North Dakota,2007,1
North Dakota,2011,1
North Dakota,2012,2
North Dakota,2016,1
North Dakota,2000,5
North Dakota,2001,2
North Dakota,2002,5
North Dakota,2003,10
North Dakota,2004,11
North Dakota,2005,20
North Dakota,2006,19
North Dakota,2007,31
North Dakota,2008,23
North Dakota,2009,17
North Dakota,2010,4
North Dakota,2011,35
North Dakota,2012,118
North Dakota,2013,134
North Dakota,2014,73
North Dakota,2015,71
North Dakota,2016,45
North Dakota,2017,25
North Dakota,2018,65
North Dakota,2019,3
North Dakota,2020,5
Ohio,2017,1
Ohio,2018,2
Ohio,2019,9
Ohio,2020,10
Ohio,2021,4
Ohio,2022,6
Ohio,2005,2
Ohio,2006,2
Ohio,2008,2
Ohio,2011,3
Ohio,2012,4
Ohio,2013,2
Ohio,2013,1
Ohio,2015,1
Ohio,1996,8
Ohio,1997,26
Ohio,1998,15
Ohio,1999,41
Ohio,2000,35
Ohio,2001,22
Ohio,2002,26
Ohio,2003,21
Ohio,2004,26
Ohio,2005,25
Ohio,2006,26
Ohio,2007,11
Ohio,2008,13
Ohio,2009,10
Ohio,2010,4
Ohio,2011,9
Ohio,2012,3
Ohio,2013,14
Ohio,2014,7
Ohio,2015,6
Ohio,2016,19
Ohio,2017,23
Ohio,2018,9
Ohio,2019,1
Oklahoma,2017,2
Oklahoma,2019,1
Oklahoma,2020,1
Oklahoma,2021,1
Oklahoma,2022,2
Oklahoma,2023,1
Oklahoma,2006,3
Oklahoma,2007,1
Oklahoma,2008,1
Oklahoma,2011,1
Oklahoma,2012,1
Oklahoma,2013,1
Oklahoma,2018,6
Oklahoma,2022,11
Oklahoma,1997,2
Oklahoma,1998,5
Oklahoma,1999,6
Oklahoma,2000,9
Oklahoma,2001,8
Oklahoma,2002,26
Oklahoma,2003,12
Oklahoma,2004,21
Oklahoma,2005,20
Oklahoma,2006,35
Oklahoma,2007,21
Oklahoma,2008,21
Oklahoma,2009,6
Oklahoma,2010,4
Oklahoma,2011,11
Oklahoma,2012,12
Oklahoma,2013,16
Oklahoma,2014,1
Oklahoma,2015,15
Oklahoma,2016,18
Oklahoma,2017,12
Oklahoma,2018,5
Oklahoma,2019,4
Oklahoma,2021,1
Oregon,2018,1
Oregon,2013,2
Oregon,2014,2
Oregon,2016,2
Oregon,2017,1
Oregon,2018,3
Oregon,2020,1
Oregon,1998,1
Oregon,2000,7
Oregon,2001,8
Oregon,2002,2
Oregon,2003,7
Oregon,2004,15
Oregon,2005,7
Oregon,2006,12
Oregon,2007,18
Oregon,2008,16
Oregon,2009,19
Oregon,2010,11
Oregon,2011,10
Oregon,2012,3
Oregon,2013,8
Oregon,2014,6
Oregon,2015,4
Oregon,2016,8
Oregon,2017,7
Oregon,2018,3
Oregon,2019,1
Pennsylvania,2018,3
Pennsylvania,2019,8
Pennsylvania,2020,10
Pennsylvania,2021,2
Pennsylvania,2023,4
Pennsylvania,2006,1
Pennsylvania,2007,4
Pennsylvania,2010,3
Pennsylvania,2013,1
Pennsylvania,2018,1
Pennsylvania,2019,2
Pennsylvania,2020,1
Pennsylvania,2022,2
Pennsylvania,1997,6
Pennsylvania,1998,8
Pennsylvania,1999,6
Pennsylvania,2000,5
Pennsylvania,2001,4
Pennsylvania,2002,6
Pennsylvania,2003,6
Pennsylvania,2004,5
Pennsylvania,2005,4
Pennsylvania,2006,3
Pennsylvania,2007,10
Pennsylvania,2008,8
Pennsylvania,2009,6
Pennsylvania,2010,2
Pennsylvania,2011,2
Pennsylvania,2012,2
Pennsylvania,2013,9
Pennsylvania,2014,11
Pennsylvania,2015,10
Pennsylvania,2016,20
Pennsylvania,2017,12
Pennsylvania,2018,33
Pennsylvania,2019,5
Pennsylvania,2020,1
Pennsylvania,2022,1
Puerto Rico,1999,1
Rhode Island,2021,1
Rhode Island,2003,1
Rhode Island,2006,1
Rhode Island,2010,1
Rhode Island,2011,1
Rhode Island,2015,1
Rhode Island,2017,1
Rhode Island,2018,1
South Carolina,2020,1
South Carolina,2006,4
South Carolina,2007,1
South Carolina,2008,2
South Carolina,2014,3
South Carolina,2016,1
South Carolina,2014,1
South Carolina,1997,8
South Carolina,1998,7
South Carolina,1999,21
South Carolina,2000,21
South Carolina,2001,6
South Carolina,2002,9
South Carolina,2003,8
South Carolina,2004,13
South Carolina,2005,13
South Carolina,2006,30
South Carolina,2007,14
South Carolina,2008,30
South Carolina,2009,9
South Carolina,2010,9
South Carolina,2011,12
South Carolina,2012,1
South Carolina,2013,5
South Carolina,2014,5
South Carolina,2015,10
South Carolina,2016,7
South Carolina,2017,8
South Carolina,2018,2
South Dakota,2016,3
South Dakota,2017,4
South Dakota,2018,6
South Dakota,2019,4
South Dakota,2020,6
South Dakota,2021,8
South Dakota,2022,5
South Dakota,1995,5
South Dakota,1996,30
South Dakota,1997,49
South Dakota,1998,11
South Dakota,1999,1
South Dakota,2000,4
South Dakota,2002,2
South Dakota,2003,4
South Dakota,2008,1
South Dakota,2006,1
South Dakota,2011,17
South Dakota,2013,6
South Dakota,2014,7
South Dakota,2015,4
South Dakota,1995,5
South Dakota,1996,29
South Dakota,1997,16
South Dakota,1998,18
South Dakota,1999,41
South Dakota,2000,27
South Dakota,2001,20
South Dakota,2002,20
South Dakota,2003,40
South Dakota,2004,36
South Dakota,2005,12
South Dakota,2006,7
South Dakota,2007,22
South Dakota,2008,15
South Dakota,2009,8
South Dakota,2010,11
South Dakota,2011,61
South Dakota,2012,65
South Dakota,2013,64
South Dakota,2014,23
South Dakota,2015,43
South Dakota,2016,42
South Dakota,2017,60
South Dakota,2018,34
Tennessee,2017,1
Tennessee,2018,8
Tennessee,2019,4
Tennessee,2020,1
Tennessee,2022,2
Tennessee,2016,5
Tennessee,2017,1
Tennessee,1995,1
Tennessee,1996,4
Tennessee,1997,2
Tennessee,1998,15
Tennessee,1999,2
Tennessee,2000,1
Tennessee,2001,21
Tennessee,2002,12
Tennessee,2003,15
Tennessee,2004,17
Tennessee,2006,10
Tennessee,2007,6
Tennessee,2008,7
Tennessee,2009,6
Tennessee,2010,7
Tennessee,2011,6
Tennessee,2012,20
Tennessee,2013,23
Tennessee,2014,36
Tennessee,2015,18
Tennessee,2016,51
Tennessee,2017,16
Tennessee,2018,4
Tennessee,2019,1
Tennessee,2020,1
Texas,2018,1
Texas,2019,1
Texas,2021,1
Texas,2007,7
Texas,2008,4
Texas,2011,8
Texas,2012,9
Texas,2013,9
Texas,2014,5
Texas,2016,2
Texas,1998,1
Texas,1999,2
Texas,2000,3
Texas,2001,2
Texas,2002,1
Texas,2003,9
Texas,2004,14
Texas,2005,4
Texas,2006,2
Texas,2007,17
Texas,2008,5
Texas,2009,15
Texas,2010,15
Texas,2011,8
Texas,2012,10
Texas,2013,16
Texas,2014,5
Texas,2015,7
Texas,2016,6
Texas,2017,9
Texas,2018,15
Texas,2019,5
Utah,2016,1
Utah,1999,1
Utah,2000,2
Utah,2002,1
Utah,2003,3
Utah,2004,2
Utah,2005,3
Utah,2006,1
Utah,2009,4
Utah,2012,1
Utah,2013,1
Utah,2016,1
Utah,2018,2
Vermont,2018,2
Vermont,2019,4
Vermont,2020,1
Vermont,2021,2
Vermont,2022,3
Vermont,2011,2
Vermont,2012,1
Vermont,2014,1
Vermont,2021,2
Vermont,1998,2
Vermont,2001,2
Vermont,2002,3
Vermont,2008,1
Vermont,2009,3
Vermont,2010,11
Vermont,2011,3
Vermont,2012,11
Vermont,2013,6
Vermont,2014,5
Vermont,2015,10
Virginia,2017,1
Virginia,2019,1
Virginia,2006,2
Virginia,2007,1
Virginia,2008,3
Virginia,2009,1
Virginia,2010,1
Virginia,2011,1
Virginia,2014,9
Virginia,2015,2
Virginia,1995,1
Virginia,1996,7
Virginia,1997,6
Virginia,1998,3
Virginia,1999,3
Virginia,2000,1
Virginia,2001,4
Virginia,2002,2
Virginia,2004,1
Virginia,2005,1
Virginia,2006,1
Virginia,2007,3
Virginia,2008,1
Virginia,2011,2
Virginia,2012,7
Virginia,2013,6
Virginia,2014,5
Virginia,2015,4
Virginia,2016,1
Virginia,2017,1
Virginia,2020,1
Washington,2020,1
Washington,2015,8
Washington,2017,1
Washington,1996,2
Washington,1997,2
Washington,1998,6
Washington,1999,3
Washington,2000,3
Washington,2001,10
Washington,2002,15
Washington,2003,10
Washington,2004,8
Washington,2005,7
Washington,2006,7
Washington,2007,8
Washington,2008,11
Washington,2009,2
Washington,2010,1
Washington,2012,30
Washington,2013,11
Washington,2014,18
Washington,2015,11
Washington,2017,17
Washington,2018,1
Washington,2019,1
Washington,2020,2
Washington,2021,2
Washington,2022,2
West Virginia,1998,1
West Virginia,2000,5
West Virginia,2002,1
West Virginia,2003,3
West Virginia,2004,2
West Virginia,2006,4
West Virginia,2007,2
West Virginia,2008,1
West Virginia,2011,3
West Virginia,2012,2
West Virginia,2013,1
West Virginia,2014,1
West Virginia,2015,1
West Virginia,2016,1
West Virginia,2018,1
Wisconsin,2015,1
Wisconsin,2017,4
Wisconsin,2018,8
Wisconsin,2019,6
Wisconsin,2020,12
Wisconsin,2021,3
Wisconsin,2022,1
Wisconsin,2004,1
Wisconsin,2005,7
Wisconsin,2006,7
Wisconsin,2010,2
Wisconsin,2011,4
Wisconsin,2016,1
Wisconsin,2021,1
Wisconsin,1993,2
Wisconsin,1994,14
Wisconsin,1995,4
Wisconsin,1996,21
Wisconsin,1997,41
Wisconsin,1998,48
Wisconsin,1999,40
Wisconsin,2000,50
Wisconsin,2001,46
Wisconsin,2002,46
Wisconsin,2003,57
Wisconsin,2004,36
Wisconsin,2005,35
Wisconsin,2006,28
Wisconsin,2007,27
Wisconsin,2008,26
Wisconsin,2009,17
Wisconsin,2010,13
Wisconsin,2011,24
Wisconsin,2012,32
Wisconsin,2013,13
Wisconsin,2014,5
Wisconsin,2015,18
Wisconsin,2016,12
Wisconsin,2017,8
Wisconsin,2018,8
Wisconsin,2019,1
Wisconsin,2020,1
Wyoming,2005,1
Wyoming,2007,4
Wyoming,2011,5
Wyoming,2012,1
Wyoming,2013,1
Wyoming,1999,2
Wyoming,2000,3
Wyoming,2001,4
Wyoming,2002,4
Wyoming,2003,2
Wyoming,2004,18
Wyoming,2005,4
Wyoming,2006,6
Wyoming,2007,25
Wyoming,2008,22
Wyoming,2009,8
Wyoming,2010,9
Wyoming,2011,7
Wyoming,2012,10
Wyoming,2013,5
Wyoming,2014,1