gbifID,datasetKey,occurrenceID,kingdom,phylum,class,order,family,genus,species,infraspecificEpithet,taxonRank,scientificName,verbatimScientificName,verbatimScientificNameAuthorship,countryCode,locality,stateProvince,occurrenceStatus,individualCount,publishingOrgKey,decimalLatitude,decimalLongitude,coordinateUncertaintyInMeters,coordinatePrecision,elevation,elevationAccuracy,depth,depthAccuracy,eventDate,day,month,year,taxonKey,speciesKey,basisOfRecord,institutionCode,collectionCode,catalogNumber,recordNumber,identifiedBy,dateIdentified,license,rightsHolder,recordedBy,typeStatus,establishmentMeans,lastInterpreted,mediaType,issue,iucn_category
415934347,5288946d-5fcf-4b53-8fd3-74f4cc6b53fc,NA,Plantae,Tracheophyta,Magnoliopsida,Ericales,Theaceae,Franklinia,Franklinia alatamaha,NA,SPECIES,Franklinia alatamaha Bartram ex Marshall,Franklinia alatamaha Bartram ex Marshall,NA,US,Gardens at 74 Knowlton Hill Road.,Connecticut,PRESENT,NA,1ef55060-54da-11dd-9d47-b8a03c50a862,41.83472,-72.20055,1,NA,NA,NA,NA,NA,8/27/01 0:00,27,8,2001,5421082,5421082,PRESERVED_SPECIMEN,UConn,CONN,CONN00057613,4226,NA,NA,CC_BY_4_0,NA,G.J. Anderson,NA,NA,4/24/23 10:05,NA,GEODETIC_DATUM_ASSUMED_WGS84;CONTINENT_DERIVED_FROM_COORDINATES;INSTITUTION_MATCH_NONE,EX
415927763,5288946d-5fcf-4b53-8fd3-74f4cc6b53fc,NA,Plantae,Tracheophyta,Magnoliopsida,Ericales,Theaceae,Franklinia,Franklinia alatamaha,NA,SPECIES,Franklinia alatamaha Bartram ex Marshall,Franklinia alatamaha Bartram ex Marshall,NA,US,Bartlett Arboretum,Connecticut,PRESENT,NA,1ef55060-54da-11dd-9d47-b8a03c50a862,41.13472,-73.55,20000,NA,NA,NA,NA,NA,10/15/79 0:00,15,10,1979,5421082,5421082,PRESERVED_SPECIMEN,UConn,CONN,CONN00051015,449,NA,NA,CC_BY_4_0,NA,T. Lockwood & L. Sadlon,NA,NA,4/24/23 10:05,NA,GEODETIC_DATUM_ASSUMED_WGS84;CONTINENT_DERIVED_FROM_COORDINATES;INSTITUTION_MATCH_NONE,EX
4075413480,0039bbb4-f753-40fd-8629-a4ed74fc5c6b,9026480e-517f-43b1-847e-ddeb8b43b475,Plantae,Tracheophyta,Magnoliopsida,Ericales,Theaceae,Franklinia,Franklinia alatamaha,NA,SPECIES,Franklinia alatamaha Bartram ex Marshall,Franklinia alatamaha,Bartram ex Marsh.,US,"Dover, Delaware State University, NW corner of Conrad Hall, across from Ag Annex",Delaware,PRESENT,NA,4eed95de-0189-4611-b7dd-39fb8be83277,39.185278,-75.545556,NA,NA,NA,NA,NA,NA,7/27/11 0:00,27,7,2011,5421082,5421082,PRESERVED_SPECIMEN,DOV,NA,DOV0038041,769,NA,NA,CC_BY_NC_4_0,NA,Susan E. Yost; Naomi Schramm,NA,NA,4/11/23 12:57,StillImage,GEODETIC_DATUM_ASSUMED_WGS84;CONTINENT_DERIVED_FROM_COORDINATES;COLLECTION_MATCH_NONE;INSTITUTION_MATCH_FUZZY,EX
4075413479,0039bbb4-f753-40fd-8629-a4ed74fc5c6b,fffbf297-1e61-4ade-afb7-7ba49d092d33,Plantae,Tracheophyta,Magnoliopsida,Ericales,Theaceae,Franklinia,Franklinia alatamaha,NA,SPECIES,Franklinia alatamaha Bartram ex Marshall,Franklinia alatamaha,Bartram ex Marsh.,US,"Dover, Delaware State University, NE of Baker Building, left of gate parking lot #6B",Delaware,PRESENT,NA,4eed95de-0189-4611-b7dd-39fb8be83277,39.186389,-75.545,NA,NA,NA,NA,NA,NA,10/31/13 0:00,31,10,2013,5421082,5421082,PRESERVED_SPECIMEN,DOV,NA,DOV0038040,862,NA,NA,CC_BY_NC_4_0,NA,Susan E. Yost; Lou Calabrese; Mike Radebach,NA,NA,4/11/23 12:57,StillImage,GEODETIC_DATUM_ASSUMED_WGS84;CONTINENT_DERIVED_FROM_COORDINATES;COLLECTION_MATCH_NONE;INSTITUTION_MATCH_FUZZY,EX
4074269693,c884e1d8-8cc4-444f-880c-db87a0f7fce1,befba847-e99f-4886-a073-ac466bf07b59,Plantae,Tracheophyta,Magnoliopsida,Ericales,Theaceae,Franklinia,Franklinia alatamaha,NA,SPECIES,Franklinia alatamaha Bartram ex Marshall,Franklinia alatamaha,Marshall,US,Location: O-5,Washington,PRESENT,NA,6567af74-d231-4588-a123-5d0b7a095fda,47.630064,-122.294582,NA,NA,NA,NA,NA,NA,10/16/84 0:00,16,10,1984,5421082,5421082,PRESERVED_SPECIMEN,UWB,Vascular,494,8,NA,NA,CC0_1_0,University of Washington Bothell,No Collector Name,NA,NA,4/10/23 1:17,NA,GEODETIC_DATUM_ASSUMED_WGS84;CONTINENT_DERIVED_FROM_COORDINATES;INSTITUTION_MATCH_FUZZY;INSTITUTION_COLLECTION_MISMATCH,EX
4073910933,8aa57fb1-a290-467f-a578-77ec8cbe76b6,9aa67d42-f5c9-469c-bf92-be02b615c9ef,Plantae,Tracheophyta,Magnoliopsida,Ericales,Theaceae,Franklinia,Franklinia alatamaha,NA,SPECIES,Franklinia alatamaha Bartram ex Marshall,Franklinia alatamaha,Marshall,US,U of Washington Arboretum. From a cultivated specimen in Georgia.,Washington,PRESENT,NA,6567af74-d231-4588-a123-5d0b7a095fda,47.637062,-122.294321,1180,NA,NA,NA,NA,NA,9/3/83 0:00,3,9,1983,5421082,5421082,PRESERVED_SPECIMEN,ID,Vascular,78042,1130,NA,NA,CC0_1_0,"Stillinger Herbarium, University of Idaho",A. F. Cholewa,NA,NA,4/8/23 21:07,NA,CONTINENT_DERIVED_FROM_COORDINATES;INSTITUTION_MATCH_FUZZY;INSTITUTION_COLLECTION_MISMATCH,EX
4061352834,e053ff53-c156-4e2e-b9b5-4462e9625424,urn:catalog:MO:Tropicos:103252145,Plantae,Tracheophyta,Magnoliopsida,Sapindales,Anacardiaceae,Mangifera,Mangifera rubropetala,NA,SPECIES,Mangifera rubropetala Kosterm.,Mangifera rubropetala Kosterm.,Kosterm.,US,"Naples Botanical Garden, Asian Garden and surrounding area.",Florida,PRESENT,2,90fd6680-349f-11d8-aa2d-b8a03c50a862,26.105833,-81.772778,NA,NA,3,NA,NA,NA,7/7/22 0:00,7,7,2022,3662194,3662194,PRESERVED_SPECIMEN,NA,Tropicos,103252145,Townesmith 4146,NA,NA,CC_BY_4_0,Missouri Botanical Garden,Andrew Townesmith;Natalie Konig,NA,NA,4/24/23 18:08,NA,COORDINATE_ROUNDED;GEODETIC_DATUM_ASSUMED_WGS84;OCCURRENCE_STATUS_INFERRED_FROM_INDIVIDUAL_COUNT;INSTITUTION_MATCH_NONE,EX
4054765561,50c9509d-22c7-4a22-a47d-8c48425ef4a7,https://www.inaturalist.org/observations/149859298,Plantae,Tracheophyta,Magnoliopsida,Malpighiales,Euphorbiaceae,Euphorbia,Euphorbia remyi,hanaleiensis,VARIETY,Euphorbia remyi var. hanaleiensis Sherff,Euphorbia remyi hanaleiensis,NA,US,NA,Hawaii,PRESENT,NA,28eb1a3f-1c15-4a95-931a-4af90ecb574d,21.809554,-159.412808,30338,NA,NA,NA,NA,NA,10/12/21 10:40,12,10,2021,3069281,3069272,HUMAN_OBSERVATION,iNaturalist,Observations,149859298,NA,Kenneth R. Wood (NTBG),2/27/23 22:47,CC_BY_NC_4_0,Kenneth R. Wood (NTBG),Kenneth R. Wood (NTBG),NA,NA,4/19/23 13:25,StillImage,COORDINATE_ROUNDED,EX
4038742063,040c5662-da76-4782-a48e-cdea1892d14c,http://bins.boldsystems.org/index.php/Public_RecordView?processid=GRDMO116-21,Plantae,Tracheophyta,Magnoliopsida,Gentianales,Rubiaceae,Deppea,Deppea splendens,NA,SPECIES,Deppea splendens Breedlove & Lorence,Deppea splendens,NA,US,NA,Missouri,PRESENT,NA,b3bf3a83-1f68-4541-a03f-330d30d567f5,38.6141,-90.2589,NA,NA,NA,NA,NA,NA,1/16/19 0:00,16,1,2019,2904964,2904964,MATERIAL_SAMPLE,NA,NA,MO:Carlsen3380b,NA,NA,NA,CC_BY_4_0,NA,"Carlsen, Monica",NA,NA,4/18/23 16:59,NA,GEODETIC_DATUM_ASSUMED_WGS84;CONTINENT_DERIVED_FROM_COORDINATES,EX
4038719041,040c5662-da76-4782-a48e-cdea1892d14c,http://bins.boldsystems.org/index.php/Public_RecordView?processid=GRDMO115-21,Plantae,Tracheophyta,Magnoliopsida,Gentianales,Rubiaceae,Deppea,Deppea splendens,NA,SPECIES,Deppea splendens Breedlove & Lorence,Deppea splendens,NA,US,NA,Missouri,PRESENT,NA,b3bf3a83-1f68-4541-a03f-330d30d567f5,38.6141,-90.2589,NA,NA,NA,NA,NA,NA,1/16/19 0:00,16,1,2019,2904964,2904964,MATERIAL_SAMPLE,NA,NA,MO:Carlsen3380,NA,NA,NA,CC_BY_4_0,NA,"Carlsen, Monica",NA,NA,4/18/23 16:59,NA,GEODETIC_DATUM_ASSUMED_WGS84;CONTINENT_DERIVED_FROM_COORDINATES,EX
4005879668,d8cd16ba-bb74-4420-821e-083f2bac17c2,MF349693,Plantae,Tracheophyta,Magnoliopsida,Ericales,Theaceae,Franklinia,Franklinia alatamaha,NA,SPECIES,Franklinia alatamaha Bartram ex Marshall,Franklinia alatamaha,NA,US,District of Columbia; United States Botanic Garden Production Facility - 2400 Shepherd Parkway SW.,NA,PRESENT,NA,ada9d123-ddb4-467d-8891-806ea8d94230,38.82,-77.019997,NA,NA,NA,NA,NA,NA,7/16/15 0:00,16,7,2015,5421082,5421082,PRESERVED_SPECIMEN,NA,NA,US:VanNeste555,NA,NA,NA,CC_BY_4_0,NA,VanNeste 555,NA,NA,4/22/23 12:43,NA,COORDINATE_ROUNDED;GEODETIC_DATUM_ASSUMED_WGS84;CONTINENT_DERIVED_FROM_COORDINATES,EX
3990300383,d8cd16ba-bb74-4420-821e-083f2bac17c2,OL689959,Plantae,Tracheophyta,Magnoliopsida,Gentianales,Rubiaceae,Deppea,Deppea splendens,NA,SPECIES,Deppea splendens Breedlove & Lorence,Deppea splendens,NA,US,Missouri,NA,PRESENT,NA,ada9d123-ddb4-467d-8891-806ea8d94230,38.610001,-90.260002,NA,NA,NA,NA,NA,NA,1/16/19 0:00,16,1,2019,2904964,2904964,PRESERVED_SPECIMEN,NA,NA,MO:Carlsen3380b,NA,NA,NA,CC_BY_4_0,NA,"Carlsen, Monica",NA,NA,4/22/23 12:44,NA,COORDINATE_ROUNDED;GEODETIC_DATUM_ASSUMED_WGS84;CONTINENT_DERIVED_FROM_COORDINATES,EX
3986127525,50c9509d-22c7-4a22-a47d-8c48425ef4a7,https://www.inaturalist.org/observations/100496803,Plantae,Tracheophyta,Magnoliopsida,Ericales,Theaceae,Franklinia,Franklinia alatamaha,NA,SPECIES,Franklinia alatamaha Bartram ex Marshall,Franklinia alatamaha,NA,US,NA,Georgia,PRESENT,NA,28eb1a3f-1c15-4a95-931a-4af90ecb574d,33.852089,-83.559809,7,NA,NA,NA,NA,NA,11/7/21 10:10,7,11,2021,5421082,5421082,HUMAN_OBSERVATION,iNaturalist,Observations,100496803,NA,labuttercup,11/7/21 15:12,CC_BY_NC_4_0,labuttercup,labuttercup,NA,NA,4/19/23 13:13,StillImage,COORDINATE_ROUNDED;CONTINENT_DERIVED_FROM_COORDINATES,EX
3986107828,50c9509d-22c7-4a22-a47d-8c48425ef4a7,https://www.inaturalist.org/observations/137039989,Plantae,Tracheophyta,Magnoliopsida,Ericales,Theaceae,Franklinia,Franklinia alatamaha,NA,SPECIES,Franklinia alatamaha Bartram ex Marshall,Franklinia alatamaha,NA,US,NA,Massachusetts,PRESENT,NA,28eb1a3f-1c15-4a95-931a-4af90ecb574d,42.058128,-72.262947,4,NA,NA,NA,NA,NA,9/30/22 12:25,30,9,2022,5421082,5421082,HUMAN_OBSERVATION,iNaturalist,Observations,137039989,NA,rafflesiaiamstinky,9/30/22 16:27,CC_BY_NC_4_0,rafflesiaiamstinky,rafflesiaiamstinky,NA,NA,4/19/23 13:24,StillImage,COORDINATE_ROUNDED;CONTINENT_DERIVED_FROM_COORDINATES,EX
3985773809,50c9509d-22c7-4a22-a47d-8c48425ef4a7,https://www.inaturalist.org/observations/136439024,Plantae,Tracheophyta,Magnoliopsida,Ericales,Theaceae,Franklinia,Franklinia alatamaha,NA,SPECIES,Franklinia alatamaha Bartram ex Marshall,Franklinia alatamaha,NA,US,NA,Maryland,PRESENT,NA,28eb1a3f-1c15-4a95-931a-4af90ecb574d,39.057666,-77.037066,5,NA,NA,NA,NA,NA,9/25/22 11:33,25,9,2022,5421082,5421082,HUMAN_OBSERVATION,iNaturalist,Observations,136439024,NA,cgkonny,9/25/22 15:34,CC_BY_NC_4_0,cgkonny,cgkonny,NA,NA,4/19/23 13:24,StillImage,COORDINATE_ROUNDED;CONTINENT_DERIVED_FROM_COORDINATES,EX
3985657830,50c9509d-22c7-4a22-a47d-8c48425ef4a7,https://www.inaturalist.org/observations/135734437,Plantae,Tracheophyta,Magnoliopsida,Ericales,Theaceae,Franklinia,Franklinia alatamaha,NA,SPECIES,Franklinia alatamaha Bartram ex Marshall,Franklinia alatamaha,NA,US,NA,Massachusetts,PRESENT,NA,28eb1a3f-1c15-4a95-931a-4af90ecb574d,42.387597,-71.099497,4031,NA,NA,NA,NA,NA,9/13/22 17:51,13,9,2022,5421082,5421082,HUMAN_OBSERVATION,iNaturalist,Observations,135734437,NA,hlim06,9/20/22 1:03,CC_BY_NC_4_0,hlim06,hlim06,NA,NA,4/19/23 13:23,StillImage,COORDINATE_ROUNDED;CONTINENT_DERIVED_FROM_COORDINATES,EX
3969132548,d8cd16ba-bb74-4420-821e-083f2bac17c2,OL689958,Plantae,Tracheophyta,Magnoliopsida,Gentianales,Rubiaceae,Deppea,Deppea splendens,NA,SPECIES,Deppea splendens Breedlove & Lorence,Deppea splendens,NA,US,Missouri,NA,PRESENT,NA,ada9d123-ddb4-467d-8891-806ea8d94230,38.610001,-90.260002,NA,NA,NA,NA,NA,NA,1/16/19 0:00,16,1,2019,2904964,2904964,PRESERVED_SPECIMEN,NA,NA,MO:Carlsen3380,NA,NA,NA,CC_BY_4_0,NA,"Carlsen, Monica",NA,NA,4/22/23 12:44,NA,COORDINATE_ROUNDED;GEODETIC_DATUM_ASSUMED_WGS84;CONTINENT_DERIVED_FROM_COORDINATES,EX
3744698165,84f9770e-f762-11e1-a439-00145eb45e9a,UNA00010233,Plantae,Tracheophyta,Magnoliopsida,Ericales,Theaceae,Franklinia,Franklinia alatamaha,NA,SPECIES,Franklinia alatamaha Bartram ex Marshall,Franklinia alatamaha,Bartram ex Marsh.,US,University of Alabama Arboretum next to parking lot.,Alabama,PRESENT,NA,79324e30-d4c7-11d8-bf69-b8a03c50a862,33.19,-87.47,NA,NA,NA,NA,NA,NA,7/24/86 0:00,24,7,1986,5421082,5421082,PRESERVED_SPECIMEN,UNA,NA,UNA00010233,Charles N. Horn 1145,Linda M. Prince,5/1/07 0:00,CC0_1_0,NA,Charles N. Horn,NA,NA,4/24/23 19:14,StillImage,GEODETIC_DATUM_INVALID;GEODETIC_DATUM_ASSUMED_WGS84;COLLECTION_MATCH_NONE;INSTITUTION_MATCH_FUZZY,EX
3698163023,50c9509d-22c7-4a22-a47d-8c48425ef4a7,https://www.inaturalist.org/observations/107349541,Plantae,Tracheophyta,Magnoliopsida,Solanales,Solanaceae,Brugmansia,Brugmansia sanguinea,NA,SPECIES,Brugmansia sanguinea (Ruiz & Pav.) D.Don,Brugmansia sanguinea,NA,US,NA,California,PRESENT,NA,28eb1a3f-1c15-4a95-931a-4af90ecb574d,37.579299,-122.473167,2,NA,NA,NA,NA,NA,2/20/22 17:34,20,2,2022,5341760,5341760,HUMAN_OBSERVATION,iNaturalist,Observations,107349541,NA,sandor_in,2/24/22 1:39,CC_BY_NC_4_0,sandor_in,sandor_in,NA,NA,4/19/23 13:24,StillImage,COORDINATE_ROUNDED;CONTINENT_DERIVED_FROM_COORDINATES,EX
36352932,b929f23d-290f-4e85-8f17-764c55b3b284,c06e930f-c28b-4f06-b2f2-bc3307034169,Plantae,Tracheophyta,Magnoliopsida,Asterales,Campanulaceae,Delissea,Delissea subcordata,NA,SPECIES,Delissea subcordata Gaudich.,Delissea subcordata,Gaudich.,US,Honolulu Harbor,Hawaii,PRESENT,NA,90cc71b0-055b-11d8-b84e-b8a03c50a862,21.6,-157.9,NA,NA,NA,NA,NA,NA,1870-01-01 00:00:00,1,1,1870,3164971,3164971,PRESERVED_SPECIMEN,BPBM,BISH,604325,Collector Number: s.n.,NA,NA,CC0_1_0,Bernice Pauahi Bishop Museum,"Hillebrand, W.B.",NA,NA,1/24/23 23:27,NA,GEODETIC_DATUM_ASSUMED_WGS84;CONTINENT_DERIVED_FROM_COORDINATES;INSTITUTION_MATCH_FUZZY;COLLECTION_MATCH_FUZZY,EX
36352365,b929f23d-290f-4e85-8f17-764c55b3b284,f8c2e523-207e-472d-aeb7-95fc2d88e1eb,Plantae,Tracheophyta,Magnoliopsida,Asterales,Campanulaceae,Delissea,Delissea subcordata,subcordata,SUBSPECIES,Delissea subcordata subsp. subcordata,Delissea subcordata subsp. subcordata,NA,US,Honolulu Harbor,Hawaii,PRESENT,NA,90cc71b0-055b-11d8-b84e-b8a03c50a862,21.6,-157.9,NA,NA,NA,NA,NA,NA,NA,NA,NA,NA,3164974,3164971,PRESERVED_SPECIMEN,BPBM,BISH,444688,Collector Number: s.n.,T.G.Lammers,8/9/02 0:00,CC0_1_0,Bernice Pauahi Bishop Museum,"Hillebrand, W.B. Lydgate, J.M.",NA,NA,1/24/23 23:25,NA,GEODETIC_DATUM_ASSUMED_WGS84;CONTINENT_DERIVED_FROM_COORDINATES;INSTITUTION_MATCH_FUZZY;COLLECTION_MATCH_FUZZY,EX
36352324,b929f23d-290f-4e85-8f17-764c55b3b284,a3f278e3-5a74-4534-b8ff-724f3abd6d45,Plantae,Tracheophyta,Magnoliopsida,Asterales,Campanulaceae,Delissea,Delissea subcordata,NA,SPECIES,Delissea subcordata Gaudich.,Delissea subcordata,Gaudich.,US,Honolulu Harbor,Hawaii,PRESENT,NA,90cc71b0-055b-11d8-b84e-b8a03c50a862,21.6,-157.9,NA,NA,NA,NA,NA,NA,NA,NA,NA,NA,3164971,3164971,PRESERVED_SPECIMEN,BPBM,BISH,1501193,Collector Number: 2355,NA,NA,CC0_1_0,Bernice Pauahi Bishop Museum,"Hillebrand, W.B. (sub Wawra)",NA,NA,1/24/23 23:23,NA,GEODETIC_DATUM_ASSUMED_WGS84;CONTINENT_DERIVED_FROM_COORDINATES;INSTITUTION_MATCH_FUZZY;COLLECTION_MATCH_FUZZY,EX
36351624,b929f23d-290f-4e85-8f17-764c55b3b284,20528a66-b190-4342-a07c-3b94ff65152c,Plantae,Tracheophyta,Magnoliopsida,Asterales,Campanulaceae,Delissea,Delissea subcordata,NA,SPECIES,Delissea subcordata Gaudich.,Delissea subcordata,Gaudich.,US,Honolulu Harbor,Hawaii,PRESENT,NA,90cc71b0-055b-11d8-b84e-b8a03c50a862,21.6,-157.9,NA,NA,NA,NA,NA,NA,1870-01-01 00:00:00,1,1,1870,3164971,3164971,PRESERVED_SPECIMEN,BPBM,BISH,444686,Collector Number: s.n.,"Herbst, D.R.; S.H.Sohmer; W.L.Wagner",1/1/89 0:00,CC0_1_0,Bernice Pauahi Bishop Museum,"Hillebrand, W.B.",NA,NA,1/24/23 23:20,NA,GEODETIC_DATUM_ASSUMED_WGS84;CONTINENT_DERIVED_FROM_COORDINATES;INSTITUTION_MATCH_FUZZY;COLLECTION_MATCH_FUZZY,EX
36351353,b929f23d-290f-4e85-8f17-764c55b3b284,5f640d02-84ec-4d63-a6d3-049fc6ae6401,Plantae,Tracheophyta,Magnoliopsida,Asterales,Campanulaceae,Delissea,Delissea subcordata,NA,SPECIES,Delissea subcordata Gaudich.,Delissea subcordata,Gaudich.,US,Honolulu,Hawaii,PRESENT,NA,90cc71b0-055b-11d8-b84e-b8a03c50a862,21.3,-157.85,NA,NA,NA,NA,NA,NA,1819-08-26 00:00:00,26,8,1819,3164971,3164971,PRESERVED_SPECIMEN,BPBM,BISH,1501190,Collector Number: s.n.,NA,NA,CC0_1_0,Bernice Pauahi Bishop Museum,"Gaudichaud-Beaupré, C.",NA,NA,1/24/23 23:22,NA,GEODETIC_DATUM_ASSUMED_WGS84;CONTINENT_DERIVED_FROM_COORDINATES;INSTITUTION_MATCH_FUZZY;COLLECTION_MATCH_FUZZY,EX
36351139,b929f23d-290f-4e85-8f17-764c55b3b284,47a3f56f-a005-4923-b04a-e7e223efed92,Plantae,Tracheophyta,Magnoliopsida,Asterales,Campanulaceae,Delissea,Delissea subcordata,subcordata,SUBSPECIES,Delissea subcordata subsp. subcordata,Delissea subcordata subsp. subcordata,NA,US,Honolulu Harbor,Hawaii,PRESENT,NA,90cc71b0-055b-11d8-b84e-b8a03c50a862,21.6,-157.9,NA,NA,NA,NA,NA,NA,NA,NA,NA,NA,3164974,3164971,PRESERVED_SPECIMEN,BPBM,BISH,419718,Collector Number: s.n.,T.G.Lammers,8/9/02 0:00,CC0_1_0,Bernice Pauahi Bishop Museum,NA,NA,NA,1/24/23 23:21,NA,GEODETIC_DATUM_ASSUMED_WGS84;CONTINENT_DERIVED_FROM_COORDINATES;INSTITUTION_MATCH_FUZZY;COLLECTION_MATCH_FUZZY,EX
36350662,b929f23d-290f-4e85-8f17-764c55b3b284,781b13f1-f848-4dd6-9c05-2d50a3e0a122,Plantae,Tracheophyta,Magnoliopsida,Asterales,Campanulaceae,Delissea,Delissea subcordata,subcordata,SUBSPECIES,Delissea subcordata subsp. subcordata,Delissea subcordata subsp. subcordata,NA,US,Honolulu Harbor,Hawaii,PRESENT,NA,90cc71b0-055b-11d8-b84e-b8a03c50a862,21.6,-157.9,NA,NA,NA,NA,NA,NA,NA,NA,NA,NA,3164974,3164971,PRESERVED_SPECIMEN,BPBM,BISH,444689,Collector Number: s.n.,T.G.Lammers,8/9/02 0:00,CC0_1_0,Bernice Pauahi Bishop Museum,"Hillebrand, W.B. Lydgate, J.M.",NA,NA,1/24/23 23:29,NA,GEODETIC_DATUM_ASSUMED_WGS84;CONTINENT_DERIVED_FROM_COORDINATES;INSTITUTION_MATCH_FUZZY;COLLECTION_MATCH_FUZZY,EX
36350567,b929f23d-290f-4e85-8f17-764c55b3b284,430d665c-2a2f-43b5-9919-922e783705c3,Plantae,Tracheophyta,Magnoliopsida,Asterales,Campanulaceae,Delissea,Delissea subcordata,NA,SPECIES,Delissea subcordata Gaudich.,Delissea subcordata,Gaudich.,US,Honolulu Harbor,Hawaii,PRESENT,NA,90cc71b0-055b-11d8-b84e-b8a03c50a862,21.6,-157.9,NA,NA,NA,NA,NA,NA,NA,NA,NA,NA,3164971,3164971,PRESERVED_SPECIMEN,BPBM,BISH,1604326,Collector Number: 2355,NA,NA,CC0_1_0,Bernice Pauahi Bishop Museum,"Hillebrand, W.B. (sub Wawra)",NA,NA,1/24/23 23:26,NA,GEODETIC_DATUM_ASSUMED_WGS84;CONTINENT_DERIVED_FROM_COORDINATES;INSTITUTION_MATCH_FUZZY;COLLECTION_MATCH_FUZZY,EX
36322574,b929f23d-290f-4e85-8f17-764c55b3b284,6a1b2175-36ba-4a52-9f70-8a911ee092eb,Plantae,Tracheophyta,Magnoliopsida,Lamiales,Gesneriaceae,Cyrtandra,Cyrtandra waiolani,NA,SPECIES,Cyrtandra waiolani Wawra,Cyrtandra waiolani,Wawra,US,Oahu,Hawaii,PRESENT,NA,90cc71b0-055b-11d8-b84e-b8a03c50a862,21.6,-157.9,NA,NA,NA,NA,NA,NA,1869-01-01 00:00:00,1,1,1869,5415164,5415164,PRESERVED_SPECIMEN,BPBM,BISH,475967,Collector Number: 1792,D.R.Herbst; S.H.Sohmer; W.L.Wagner,1/1/85 0:00,CC0_1_0,Bernice Pauahi Bishop Museum,"Wawra, H.",NA,NA,1/24/23 23:26,NA,GEODETIC_DATUM_ASSUMED_WGS84;CONTINENT_DERIVED_FROM_COORDINATES;TYPE_STATUS_INVALID;INSTITUTION_MATCH_FUZZY;COLLECTION_MATCH_FUZZY,EX
36322111,b929f23d-290f-4e85-8f17-764c55b3b284,5be0fb12-6137-4564-901a-b942fe66acdd,Plantae,Tracheophyta,Magnoliopsida,Lamiales,Gesneriaceae,Cyrtandra,Cyrtandra waiolani,NA,SPECIES,Cyrtandra waiolani Wawra,Cyrtandra waiolani,Wawra,US,Honolulu Harbor,Hawaii,PRESENT,NA,90cc71b0-055b-11d8-b84e-b8a03c50a862,21.6,-157.9,NA,NA,NA,NA,NA,NA,1869-01-01 00:00:00,1,1,1869,5415164,5415164,PRESERVED_SPECIMEN,BPBM,BISH,1591078,Collector Number: 1792,NA,NA,CC0_1_0,Bernice Pauahi Bishop Museum,"Wawra, H.",NA,NA,1/24/23 23:26,NA,GEODETIC_DATUM_ASSUMED_WGS84;CONTINENT_DERIVED_FROM_COORDINATES;INSTITUTION_MATCH_FUZZY;COLLECTION_MATCH_FUZZY,EX
36239573,b929f23d-290f-4e85-8f17-764c55b3b284,0dfcee25-2086-4c1a-82be-9758cb9d4fdd,Plantae,Tracheophyta,Magnoliopsida,Asterales,Campanulaceae,Cyanea,Cyanea superba,superba,SUBSPECIES,Cyanea superba subsp. superba,Cyanea superba subsp. superba,NA,US,Honolulu Harbor,Hawaii,PRESENT,NA,90cc71b0-055b-11d8-b84e-b8a03c50a862,21.6,-157.9,NA,NA,NA,NA,NA,NA,NA,NA,NA,NA,7069343,5412245,PRESERVED_SPECIMEN,BPBM,BISH,444676,Collector Number: s.n.,NA,NA,CC0_1_0,Bernice Pauahi Bishop Museum,"Hillebrand, W.B.",NA,NA,1/24/23 23:20,NA,GEODETIC_DATUM_ASSUMED_WGS84;CONTINENT_DERIVED_FROM_COORDINATES;INSTITUTION_MATCH_FUZZY;COLLECTION_MATCH_FUZZY,EX
36238255,b929f23d-290f-4e85-8f17-764c55b3b284,4a6141eb-40ac-461d-a779-9e307df3ac0a,Plantae,Tracheophyta,Magnoliopsida,Asterales,Campanulaceae,Cyanea,Cyanea superba,superba,SUBSPECIES,Cyanea superba subsp. superba,Cyanea superba subsp. superba,NA,US,Honolulu Harbor,Hawaii,PRESENT,NA,90cc71b0-055b-11d8-b84e-b8a03c50a862,21.6,-157.9,NA,NA,NA,NA,NA,NA,NA,NA,NA,NA,7069343,5412245,PRESERVED_SPECIMEN,BPBM,BISH,604358,Collector Number: s.n.,NA,NA,CC0_1_0,Bernice Pauahi Bishop Museum,"Hillebrand, W.B.",NA,NA,1/24/23 23:28,NA,GEODETIC_DATUM_ASSUMED_WGS84;CONTINENT_DERIVED_FROM_COORDINATES;INSTITUTION_MATCH_FUZZY;COLLECTION_MATCH_FUZZY,EX
36221876,b929f23d-290f-4e85-8f17-764c55b3b284,05c61132-a3d6-47f2-8d13-96e706310c91,Plantae,Tracheophyta,Magnoliopsida,Asterales,Campanulaceae,Cyanea,Cyanea cylindrocalyx,NA,SPECIES,Cyanea cylindrocalyx (Rock) Lammers,Cyanea cylindrocalyx (Rock) Lammers,NA,US,NA,Hawai`i,PRESENT,NA,90cc71b0-055b-11d8-b84e-b8a03c50a862,20.08924,-155.62364,NA,NA,NA,NA,NA,NA,6/16/09 0:00,16,6,1909,5412233,5412233,PRESERVED_SPECIMEN,BPBM,BISH,91379.3,NA,NA,NA,CC0_1_0,NA,"Rock, J.F.C.",NA,NA,1/24/23 23:19,NA,GEODETIC_DATUM_ASSUMED_WGS84;INSTITUTION_MATCH_FUZZY;COLLECTION_MATCH_FUZZY,EX
34767582,b929f23d-290f-4e85-8f17-764c55b3b284,0f980a0c-6edd-46a3-9076-434c1218d76b,Plantae,Tracheophyta,Magnoliopsida,Caryophyllales,Amaranthaceae,Achyranthes,Achyranthes atollensis,NA,SPECIES,Achyranthes atollensis H.St.John,Achyranthes atollensis,H.St.John,US,Midway Atoll,Hawaii,PRESENT,NA,90cc71b0-055b-11d8-b84e-b8a03c50a862,28.2,-177.383,NA,NA,NA,NA,NA,NA,8/21/02 0:00,21,8,1902,3085167,3085167,PRESERVED_SPECIMEN,BPBM,BISH,22449,Collector Number: s.n.,D.R.Herbst; S.H.Sohmer; W.L.Wagner,1/1/83 0:00,CC0_1_0,Bernice Pauahi Bishop Museum,"Bryan, W.A.",NA,NA,1/24/23 23:20,NA,GEODETIC_DATUM_ASSUMED_WGS84;COUNTRY_INVALID;COUNTRY_DERIVED_FROM_COORDINATES;CONTINENT_DERIVED_FROM_COORDINATES;INSTITUTION_MATCH_FUZZY;COLLECTION_MATCH_FUZZY,EX
34765570,b929f23d-290f-4e85-8f17-764c55b3b284,676ecbc5-cb10-490f-b2f2-8af36479fe38,Plantae,Tracheophyta,Magnoliopsida,Caryophyllales,Amaranthaceae,Achyranthes,Achyranthes atollensis,NA,SPECIES,Achyranthes atollensis H.St.John,Achyranthes atollensis,H.St.John,US,Laysan,Hawaii,PRESENT,NA,90cc71b0-055b-11d8-b84e-b8a03c50a862,25.8167,-171.817,NA,NA,NA,NA,NA,NA,1896-07-06 00:00:00,6,7,1896,3085167,3085167,PRESERVED_SPECIMEN,BPBM,BISH,22454,NA,D.R.Herbst; S.H.Sohmer; W.L.Wagner,1/1/83 0:00,CC0_1_0,Bernice Pauahi Bishop Museum,ex Herb.Mus.Brem.,NA,NA,1/24/23 23:26,NA,GEODETIC_DATUM_ASSUMED_WGS84;INSTITUTION_MATCH_FUZZY;COLLECTION_MATCH_FUZZY,EX
3465135609,9b7d1acf-b22f-4a1f-b6e8-f1ddd744dc07,16FE5966-F6CD-4FF9-BD72-862640F4078C,Plantae,Tracheophyta,Magnoliopsida,Malvales,Malvaceae,Melhania,Melhania erythroxylon,NA,SPECIES,Trochetiopsis erythroxylon (G.Forst.) Marais,Trochetiopsis erythroxylon,NA,US,Balboa Park; San Diego Zoo.,California,PRESENT,NA,8a471700-4ce8-11db-b80e-b8a03c50a862,32.66667,-117.16667,NA,NA,20,NA,NA,NA,12/15/92 0:00,15,12,1992,3671540,3671727,PRESERVED_SPECIMEN,SD,NA,NA,769,NA,NA,CC_BY_NC_4_0,NA,H. H. Schmidt; M. Merello,NA,NA,4/17/23 14:42,NA,CONTINENT_DERIVED_FROM_COORDINATES;COLLECTION_MATCH_NONE;INSTITUTION_MATCH_FUZZY,EX
3465131608,9b7d1acf-b22f-4a1f-b6e8-f1ddd744dc07,26C7C2E3-22E9-4F02-B861-6B29C5F66F49,Plantae,Tracheophyta,Magnoliopsida,Malvales,Malvaceae,Melhania,Melhania melanoxylon,NA,SPECIES,Trochetiopsis melanoxylon (R.Br. ex Aiton) Marais,Trochetiopsis melanoxylon,NA,US,Balboa Park; San Diego Zoo.,California,PRESENT,NA,8a471700-4ce8-11db-b80e-b8a03c50a862,32.66667,-117.16667,NA,NA,20,NA,NA,NA,12/14/92 0:00,14,12,1992,3671516,3671377,PRESERVED_SPECIMEN,SD,NA,NA,754,NA,NA,CC_BY_NC_4_0,NA,H. H. Schmidt; M. Merello,NA,NA,4/17/23 14:42,NA,CONTINENT_DERIVED_FROM_COORDINATES;COLLECTION_MATCH_NONE;INSTITUTION_MATCH_FUZZY,EX
3457053558,50c9509d-22c7-4a22-a47d-8c48425ef4a7,https://www.inaturalist.org/observations/104017737,Plantae,Tracheophyta,Magnoliopsida,Asterales,Campanulaceae,Cyanea,Cyanea superba,superba,SUBSPECIES,Cyanea superba subsp. superba,Cyanea superba superba,NA,US,NA,Hawaii,PRESENT,NA,28eb1a3f-1c15-4a95-931a-4af90ecb574d,21.521294,-158.128038,30377,NA,NA,NA,NA,NA,12/28/21 11:21,28,12,2021,7069343,5412245,HUMAN_OBSERVATION,iNaturalist,Observations,104017737,NA,Hubert Szczygieł,12/31/21 7:04,CC_BY_NC_4_0,Hubert Szczygieł,Hubert Szczygieł,NA,NA,4/19/23 13:22,NA,COORDINATE_ROUNDED;CONTINENT_DERIVED_FROM_COORDINATES,EX
3456297168,50c9509d-22c7-4a22-a47d-8c48425ef4a7,https://www.inaturalist.org/observations/104017741,Plantae,Tracheophyta,Magnoliopsida,Asterales,Campanulaceae,Cyanea,Cyanea superba,superba,SUBSPECIES,Cyanea superba subsp. superba,Cyanea superba superba,NA,US,NA,Hawaii,PRESENT,NA,28eb1a3f-1c15-4a95-931a-4af90ecb574d,21.571336,-158.012308,30377,NA,NA,NA,NA,NA,12/28/21 10:08,28,12,2021,7069343,5412245,HUMAN_OBSERVATION,iNaturalist,Observations,104017741,NA,Hubert Szczygieł,12/31/21 7:04,CC_BY_NC_4_0,Hubert Szczygieł,Hubert Szczygieł,NA,NA,4/19/23 13:25,NA,COORDINATE_ROUNDED;CONTINENT_DERIVED_FROM_COORDINATES,EX
3455478471,50c9509d-22c7-4a22-a47d-8c48425ef4a7,https://www.inaturalist.org/observations/103516750,Plantae,Tracheophyta,Magnoliopsida,Asterales,Campanulaceae,Cyanea,Cyanea superba,superba,SUBSPECIES,Cyanea superba subsp. superba,Cyanea superba superba,NA,US,NA,Hawaii,PRESENT,NA,28eb1a3f-1c15-4a95-931a-4af90ecb574d,21.55317,-158.113345,30377,NA,NA,NA,NA,NA,12/18/21 17:18,18,12,2021,7069343,5412245,HUMAN_OBSERVATION,iNaturalist,Observations,103516750,NA,Hubert Szczygieł,12/23/21 8:14,CC_BY_NC_4_0,Hubert Szczygieł,Hubert Szczygieł,NA,NA,4/19/23 13:17,NA,COORDINATE_ROUNDED;CONTINENT_DERIVED_FROM_COORDINATES,EX
3357427923,cfbdc726-cd55-4d58-a6db-9aebe037a6d9,b1e43133-fa6b-4e46-960e-5d6351e27a9d,Plantae,Tracheophyta,Magnoliopsida,Ericales,Theaceae,Franklinia,Franklinia alatamaha,NA,SPECIES,Franklinia alatamaha Bartram ex Marshall,Franklinia alatamaha,Bartram ex Marsh.,US,Blandy Farm. 600 ft.,Virginia,PRESENT,NA,9881107a-47ac-4064-a49b-94d30cd2743d,39.063831,-78.064152,1057,NA,NA,NA,NA,NA,7/7/84 0:00,7,7,1984,5421082,5421082,PRESERVED_SPECIMEN,LFCC,NA,LFCC-0008160,s.n.,NA,NA,CC_BY_4_0,NA,Fran Endicott,NA,NA,4/13/23 15:05,StillImage,CONTINENT_DERIVED_FROM_COORDINATES;INSTITUTION_MATCH_FUZZY,EX
3357420602,cfbdc726-cd55-4d58-a6db-9aebe037a6d9,9339d614-96a9-414c-9389-992bfc126a0f,Plantae,Tracheophyta,Magnoliopsida,Ericales,Theaceae,Franklinia,Franklinia alatamaha,NA,SPECIES,Franklinia alatamaha Bartram ex Marshall,Franklinia alatamaha,Bartram ex Marsh.,US,Blandy's Experimental Farm,Virginia,PRESENT,NA,9881107a-47ac-4064-a49b-94d30cd2743d,39.063831,-78.064152,1057,NA,NA,NA,NA,NA,10/11/79 0:00,11,10,1979,5421082,5421082,PRESERVED_SPECIMEN,LFCC,NA,LFCC-0013363,s.n.,NA,NA,CC_BY_4_0,NA,R. C. Simpson,NA,NA,4/13/23 15:05,StillImage,CONTINENT_DERIVED_FROM_COORDINATES;INSTITUTION_MATCH_FUZZY,EX
3344418975,0fd9d08c-63c4-4b9a-8d0f-15a6202d88e2,30e3bdb6-2c93-4166-900d-4193b1ab71ba,Plantae,Tracheophyta,Magnoliopsida,Ericales,Theaceae,Franklinia,Franklinia alatamaha,NA,SPECIES,Franklinia alatamaha Bartram ex Marshall,Franklinia alatamaha,Bartram ex Marsh.,US,Baltimore,Maryland,PRESENT,NA,a56a5876-198a-4fc0-89be-df951637a0e2,39.416755,-76.523103,1168,NA,NA,NA,NA,NA,6/10/70 0:00,10,6,1970,5421082,5421082,PRESERVED_SPECIMEN,CLEMS,NA,CLEMS0067999,86126,Clyde F. Reed,NA,CC_BY_4_0,NA,Clyde F. Reed,NA,NA,4/24/23 16:53,StillImage,CONTINENT_DERIVED_FROM_COORDINATES;INSTITUTION_MATCH_FUZZY,EX
3124546684,50c9509d-22c7-4a22-a47d-8c48425ef4a7,https://www.inaturalist.org/observations/80026231,Plantae,Tracheophyta,Magnoliopsida,Solanales,Solanaceae,Brugmansia,Brugmansia versicolor,NA,SPECIES,Brugmansia versicolor Lagerh.,Brugmansia versicolor,NA,US,NA,California,PRESENT,NA,28eb1a3f-1c15-4a95-931a-4af90ecb574d,37.013402,-121.931594,5,NA,NA,NA,NA,NA,5/22/21 10:59,22,5,2021,5581019,5581019,HUMAN_OBSERVATION,iNaturalist,Observations,80026231,NA,Shane Reyes-Marsh,5/24/21 1:02,CC_BY_NC_4_0,cjrdeveaux,cjrdeveaux,NA,NA,4/19/23 13:16,StillImage,COORDINATE_ROUNDED;CONTINENT_DERIVED_FROM_COORDINATES,EX
3059694726,b0515413-6d32-490a-83a0-f8c08f002c70,d0136a12-2f8e-4c65-aafa-3065a558b2ee,Plantae,Tracheophyta,Magnoliopsida,Solanales,Solanaceae,Brugmansia,Brugmansia versicolor,NA,SPECIES,Brugmansia versicolor Lagerh.,Brugmansia versicolor,Lagerh.,US,Coral Gables: 10901 Old Cutler Road.,Florida,PRESENT,NA,a8a2b5b7-4683-4566-8e95-3fb3adaeff39,25.675,-80.2683,1000,NA,NA,NA,NA,NA,10/1/13 0:00,1,10,2013,5581019,5581019,PRESERVED_SPECIMEN,CDA,NA,CDA-0045505,506,NA,NA,CC_BY_NC_4_0,NA,P. J. Anderson,NA,NA,2/1/23 17:19,NA,CONTINENT_DERIVED_FROM_COORDINATES;INSTITUTION_MATCH_FUZZY,EX
3043132663,f8f35535-8c10-43fc-89dc-eb0843f25394,GB-0047046,Plantae,Tracheophyta,Magnoliopsida,Gentianales,Apocynaceae,Ochrosia,Ochrosia kilaueaensis,NA,SPECIES,Ochrosia kilaueaensis H.St.John,Ochrosia kilaueaensis,NA,US,NA,Hawaii,PRESENT,0,0ed04352-6745-4665-9e11-7117ee91a96b,19.54278,-155.66583,NA,NA,0,0,NA,NA,9/16/22 0:00,16,9,1922,3169633,3169633,PRESERVED_SPECIMEN,GB,GB,GB-0047046,533,NA,NA,CC0_1_0,NA,"Skottsberg, C.",ISOTYPE,NA,3/9/23 13:39,StillImage,GEODETIC_DATUM_ASSUMED_WGS84;COORDINATE_UNCERTAINTY_METERS_INVALID;RECORDED_DATE_INVALID;OCCURRENCE_STATUS_INFERRED_FROM_BASIS_OF_RECORD;INSTITUTION_MATCH_FUZZY;COLLECTION_MATCH_FUZZY,EX
3028079841,26098c25-8f7f-4c71-97ac-1d3db181c65e,http://n2t.net/ark:/65665/3476a3c62-e3a7-4e7b-8d24-41b0621f665a,Plantae,Tracheophyta,Magnoliopsida,Gentianales,Rubiaceae,Deppea,Deppea splendens,NA,SPECIES,Deppea splendens Breedlove & Lorence,Deppea splendens,Breedlove & Lorence,US,"Missouri Botanical Garden, Climatron. Source: Rancho Santa Ana Botanical Garden, Bart O'Brien, originally collected by Breedlove & Bartholonmew 55758, Mexico, Chiapas, Municipio of Motozintla de Mendoza, on the S.W. side of Cerro Mozotal, 11 km NW of the junction of the road",Missouri,PRESENT,1,bc092ff0-02e4-11dc-991f-b8a03c50a862,38.6141,-90.2589,NA,NA,NA,NA,NA,NA,1/16/19 0:00,16,1,2019,2904964,2904964,MATERIAL_SAMPLE,US,US,NA,3380,NA,NA,CC0_1_0,NA,M. M. Carlsen,NA,NA,4/18/23 11:59,NA,GEODETIC_DATUM_ASSUMED_WGS84,EX
3028066272,26098c25-8f7f-4c71-97ac-1d3db181c65e,http://n2t.net/ark:/65665/336ad18b2-bcbf-4b0c-b71d-2a3cb1788419,Plantae,Tracheophyta,Magnoliopsida,Ericales,Theaceae,Franklinia,Franklinia alatamaha,NA,SPECIES,Franklinia alatamaha Bartram ex Marshall,Franklinia alatamaha,Marshall,US,United States Botanic Garden Production Facility - 2400 Shepherd Parkway SW,District of Columbia,PRESENT,1,bc092ff0-02e4-11dc-991f-b8a03c50a862,38.8174,-77.0158,NA,NA,15,NA,NA,NA,7/16/15 0:00,16,7,2015,5421082,5421082,MATERIAL_SAMPLE,US,US,NA,555,NA,NA,CC0_1_0,NA,"K. M. Van Neste, S. E. Gabler, C. L. Kelloff, O. Gulledge, A. Hill & K. Wallick",NA,NA,4/18/23 11:59,NA,GEODETIC_DATUM_ASSUMED_WGS84,EX
3028030227,26098c25-8f7f-4c71-97ac-1d3db181c65e,http://n2t.net/ark:/65665/3e30e65d1-9124-4ca3-bd12-3be65ab4f792,Plantae,Tracheophyta,Magnoliopsida,Gentianales,Rubiaceae,Deppea,Deppea splendens,NA,SPECIES,Deppea splendens Breedlove & Lorence,Deppea splendens,Breedlove & Lorence,US,"Missouri Botanical Garden, Climatron. Source: Rancho Santa Ana Botanical Garden, Bart O'Brien, originally collected by Breedlove & Bartholonmew 55758, Mexico, Chiapas, Municipio of Motozintla de Mendoza, on the S.W. side of Cerro Mozotal, 11 km NW of the junction of the road",Missouri,PRESENT,1,bc092ff0-02e4-11dc-991f-b8a03c50a862,38.6141,-90.2589,NA,NA,NA,NA,NA,NA,1/16/19 0:00,16,1,2019,2904964,2904964,MATERIAL_SAMPLE,US,US,NA,3380,NA,NA,CC0_1_0,NA,M. M. Carlsen,NA,NA,4/18/23 11:59,NA,GEODETIC_DATUM_ASSUMED_WGS84,EX
3028025822,26098c25-8f7f-4c71-97ac-1d3db181c65e,http://n2t.net/ark:/65665/3b917c565-e278-4e3d-b741-fee078d97e71,Plantae,Tracheophyta,Magnoliopsida,Ericales,Theaceae,Franklinia,Franklinia alatamaha,NA,SPECIES,Franklinia alatamaha Bartram ex Marshall,Franklinia alatamaha,Marshall,US,United States Botanic Garden Production Facility - 2400 Shepherd Parkway SW,District of Columbia,PRESENT,1,bc092ff0-02e4-11dc-991f-b8a03c50a862,38.8174,-77.0158,NA,NA,15,NA,NA,NA,7/16/15 0:00,16,7,2015,5421082,5421082,MATERIAL_SAMPLE,US,US,NA,555,NA,NA,CC0_1_0,NA,"K. M. Van Neste, S. E. Gabler, C. L. Kelloff, O. Gulledge, A. Hill & K. Wallick",NA,NA,4/18/23 11:59,NA,GEODETIC_DATUM_ASSUMED_WGS84,EX
3028023949,26098c25-8f7f-4c71-97ac-1d3db181c65e,http://n2t.net/ark:/65665/3baa5af4c-ef52-4865-b47f-0a8ec9b6eb7e,Plantae,Tracheophyta,Magnoliopsida,Gentianales,Rubiaceae,Deppea,Deppea splendens,NA,SPECIES,Deppea splendens Breedlove & Lorence,Deppea splendens,Breedlove & Lorence,US,"Missouri Botanical Garden, Climatron. Source: Rancho Santa Ana Botanical Garden, Bart O'Brien, originally collected by Breedlove & Bartholonmew 55758, Mexico, Chiapas, Municipio of Motozintla de Mendoza, on the S.W. side of Cerro Mozotal, 11 km NW of the junction of the road",Missouri,PRESENT,1,bc092ff0-02e4-11dc-991f-b8a03c50a862,38.6141,-90.2589,NA,NA,NA,NA,NA,NA,1/16/19 0:00,16,1,2019,2904964,2904964,MATERIAL_SAMPLE,US,US,NA,3380,NA,NA,CC0_1_0,NA,M. M. Carlsen,NA,NA,4/18/23 11:59,NA,GEODETIC_DATUM_ASSUMED_WGS84,EX
3028005135,26098c25-8f7f-4c71-97ac-1d3db181c65e,http://n2t.net/ark:/65665/3892728b9-a273-434f-9757-2d110e43dd96,Plantae,Tracheophyta,Magnoliopsida,Gentianales,Rubiaceae,Deppea,Deppea splendens,NA,SPECIES,Deppea splendens Breedlove & Lorence,Deppea splendens,Breedlove & Lorence,US,"Missouri Botanical Garden, Climatron. Source: Rancho Santa Ana Botanical Garden, Bart O'Brien, originally collected by Breedlove & Bartholonmew 55758, Mexico, Chiapas, Municipio of Motozintla de Mendoza, on the S.W. side of Cerro Mozotal, 11 km NW of the junction of the road",Missouri,PRESENT,1,bc092ff0-02e4-11dc-991f-b8a03c50a862,38.6141,-90.2589,NA,NA,NA,NA,NA,NA,1/16/19 0:00,16,1,2019,2904964,2904964,MATERIAL_SAMPLE,US,US,NA,3380,NA,NA,CC0_1_0,NA,M. M. Carlsen,NA,NA,4/18/23 11:59,NA,GEODETIC_DATUM_ASSUMED_WGS84,EX
3027993313,26098c25-8f7f-4c71-97ac-1d3db181c65e,http://n2t.net/ark:/65665/35628f355-6b15-47e2-9614-62ad447acd7c,Plantae,Tracheophyta,Magnoliopsida,Gentianales,Rubiaceae,Deppea,Deppea splendens,NA,SPECIES,Deppea splendens Breedlove & Lorence,Deppea splendens,Breedlove & Lorence,US,"Missouri Botanical Garden, Climatron. Source: Rancho Santa Ana Botanical Garden, Bart O'Brien, originally collected by Breedlove & Bartholonmew 55758, Mexico, Chiapas, Municipio of Motozintla de Mendoza, on the S.W. side of Cerro Mozotal, 11 km NW of the junction of the road",Missouri,PRESENT,1,bc092ff0-02e4-11dc-991f-b8a03c50a862,38.6141,-90.2589,NA,NA,NA,NA,NA,NA,1/16/19 0:00,16,1,2019,2904964,2904964,MATERIAL_SAMPLE,US,US,NA,3380,NA,NA,CC0_1_0,NA,M. M. Carlsen,NA,NA,4/18/23 11:59,NA,GEODETIC_DATUM_ASSUMED_WGS84,EX
3027983790,26098c25-8f7f-4c71-97ac-1d3db181c65e,http://n2t.net/ark:/65665/348f6627d-060c-496c-82e1-4715eca5773f,Plantae,Tracheophyta,Magnoliopsida,Ericales,Theaceae,Franklinia,Franklinia alatamaha,NA,SPECIES,Franklinia alatamaha Bartram ex Marshall,Franklinia alatamaha,Marshall,US,United States Botanic Garden Production Facility - 2400 Shepherd Parkway SW,District of Columbia,PRESENT,1,bc092ff0-02e4-11dc-991f-b8a03c50a862,38.8174,-77.0158,NA,NA,15,NA,NA,NA,7/16/15 0:00,16,7,2015,5421082,5421082,MATERIAL_SAMPLE,US,US,NA,555,NA,NA,CC0_1_0,NA,"K. M. Van Neste, S. E. Gabler, C. L. Kelloff, O. Gulledge, A. Hill & K. Wallick",NA,NA,4/18/23 11:59,NA,GEODETIC_DATUM_ASSUMED_WGS84,EX
2883333454,83ae84cf-88e4-4b5c-80b2-271a15a3e0fc,urn:catalog:AK:AK:AK28728,Plantae,Tracheophyta,Magnoliopsida,Malvales,Malvaceae,Kokia,Kokia cookei,NA,SPECIES,Kokia cookei O.Deg.,Kokia cookei O.Deg.,NA,US,NA,NA,PRESENT,NA,32e82a64-c9b4-4b2f-9fbd-d446309b973f,22.147528,-159.719222,NA,NA,NA,NA,NA,NA,NA,NA,NA,NA,5406805,5406805,PRESERVED_SPECIMEN,AK,AK,AK28728,NA,NA,NA,CC_BY_4_0,NA,O Degener;A Greenwell;W H Hatheway;H A Miller,NA,NA,1/24/23 22:23,NA,COORDINATE_ROUNDED;COUNTRY_INVALID;CONTINENT_DERIVED_FROM_COORDINATES;RECORDED_DATE_INVALID;MULTIMEDIA_URI_INVALID;AMBIGUOUS_COLLECTION;INSTITUTION_MATCH_FUZZY,EX
2866737434,a92de2e1-647c-43f2-a8b7-ab1c1a6453dd,cd874917-d62c-4772-bb06-c6d84392b2b8,Plantae,Tracheophyta,Magnoliopsida,Ericales,Theaceae,Franklinia,Franklinia alatamaha,NA,SPECIES,Franklinia alatamaha Bartram ex Marshall,Franklinia alatamaha,Bartram ex Marsh.,US,Brookgreen Gardens,South Carolina,PRESENT,NA,3124bdd8-b38c-46f0-b354-5e1d2c2cd9d2,33.516274,-79.084413,1700,NA,15,NA,NA,NA,7/2/70 0:00,2,7,1970,5421082,5421082,PRESERVED_SPECIMEN,USCH,MAIN,USCH0070447,70.031,"Stalter, R.",NA,CC0_1_0,NA,"Stalter, R.",NA,NA,4/17/23 22:13,StillImage,GEODETIC_DATUM_ASSUMED_WGS84;CONTINENT_DERIVED_FROM_COORDINATES;INSTITUTION_MATCH_FUZZY;COLLECTION_MATCH_FUZZY,EX
2859491330,f3f03cbf-1a01-4739-ae15-c1355b8c2dbf,184C9D3F-3C4F-4A04-804B-5CB5F6A29A2B,Plantae,Tracheophyta,Magnoliopsida,Solanales,Solanaceae,Brugmansia,Brugmansia suaveolens,NA,SPECIES,Datura suaveolens Humb. & Bonpl. ex Willd.,Datura suaveolens,Humb. & Bonpl. ex Willd.,US,Morgantown,West Virginia,PRESENT,NA,c1da06f0-580e-11dc-8a9e-b8a03c50a862,39.629526,-79.955897,5335,NA,NA,NA,NA,NA,7/25/40 0:00,25,7,1940,2928886,5341758,PRESERVED_SPECIMEN,CM,Botany,CM135057,3508,NA,NA,CC0_1_0,Carnegie Museum of Natural History,"Davis, H.A.; Davis, T.",NA,NA,2/1/23 18:02,StillImage,CONTINENT_DERIVED_FROM_COORDINATES;INSTITUTION_MATCH_FUZZY;INSTITUTION_COLLECTION_MISMATCH,EX
2859389557,f3f03cbf-1a01-4739-ae15-c1355b8c2dbf,0FCA7811-6ED4-49C5-B581-3B54CDC0ED91,Plantae,Tracheophyta,Magnoliopsida,Ericales,Theaceae,Franklinia,Franklinia alatamaha,NA,SPECIES,Franklinia alatamaha Bartram ex Marshall,Franklinia alatamaha,Bartram ex Marsh.,US,"Pittsburgh, Phipps Conservatory",Pennsylvania,PRESENT,NA,c1da06f0-580e-11dc-8a9e-b8a03c50a862,40.43907,-79.94822,198,NA,NA,NA,NA,NA,7/26/88 0:00,26,7,1988,5421082,5421082,PRESERVED_SPECIMEN,CM,Botany,CM347426,95,B. Bartholomew 1990 !,NA,CC0_1_0,Carnegie Museum of Natural History,"Lobdell, E.Y.",NA,NA,2/1/23 18:02,StillImage,CONTINENT_DERIVED_FROM_COORDINATES;INSTITUTION_MATCH_FUZZY;INSTITUTION_COLLECTION_MISMATCH,EX
2859381887,f3f03cbf-1a01-4739-ae15-c1355b8c2dbf,68060971-260E-4D2D-A5B2-D356DAA4143F,Plantae,Tracheophyta,Magnoliopsida,Ericales,Theaceae,Franklinia,Franklinia alatamaha,NA,SPECIES,Franklinia alatamaha Bartram ex Marshall,Franklinia alatamaha,Bartram ex Marsh.,US,"Pittsburgh, North Side, corner of Fleming & Rankin Avenues",Pennsylvania,PRESENT,NA,c1da06f0-580e-11dc-8a9e-b8a03c50a862,40.465966,-80.021635,2460,NA,NA,NA,NA,NA,9/1/28 0:00,NA,9,1928,5421082,5421082,PRESERVED_SPECIMEN,CM,Botany,CM184104,s.n.,NA,NA,CC0_1_0,Carnegie Museum of Natural History,"Deer, A.J.",NA,NA,2/1/23 18:02,StillImage,GEODETIC_DATUM_ASSUMED_WGS84;CONTINENT_DERIVED_FROM_COORDINATES;RECORDED_DATE_INVALID;INSTITUTION_MATCH_FUZZY;INSTITUTION_COLLECTION_MISMATCH,EX
2859380884,f3f03cbf-1a01-4739-ae15-c1355b8c2dbf,943D6653-BFBE-4614-8AF2-A9AE198E17D3,Plantae,Tracheophyta,Magnoliopsida,Ericales,Theaceae,Franklinia,Franklinia alatamaha,NA,SPECIES,Franklinia alatamaha Bartram ex Marshall,Franklinia alatamaha,Bartram ex Marsh.,US,"Pittsburgh, North Side, corner of Fleming & Rankin Avenues",Pennsylvania,PRESENT,NA,c1da06f0-580e-11dc-8a9e-b8a03c50a862,40.465966,-80.021635,2460,NA,NA,NA,NA,NA,9/1/28 0:00,NA,9,1928,5421082,5421082,PRESERVED_SPECIMEN,CM,Botany,CM184103,s.n.,NA,NA,CC0_1_0,Carnegie Museum of Natural History,"Deer, A.J.",NA,NA,2/1/23 18:02,StillImage,GEODETIC_DATUM_ASSUMED_WGS84;CONTINENT_DERIVED_FROM_COORDINATES;RECORDED_DATE_INVALID;INSTITUTION_MATCH_FUZZY;INSTITUTION_COLLECTION_MISMATCH,EX
2859379896,f3f03cbf-1a01-4739-ae15-c1355b8c2dbf,81B08E67-356A-4E97-A5D7-D62FC5EF7061,Plantae,Tracheophyta,Magnoliopsida,Ericales,Theaceae,Franklinia,Franklinia alatamaha,NA,SPECIES,Franklinia alatamaha Bartram ex Marshall,Franklinia alatamaha,Bartram ex Marsh.,US,"Philadelphia, John Bartram's garden",Pennsylvania,PRESENT,NA,c1da06f0-580e-11dc-8a9e-b8a03c50a862,39.952322,-75.163834,NA,NA,NA,NA,NA,NA,8/15/37 0:00,15,8,1937,5421082,5421082,PRESERVED_SPECIMEN,CM,Botany,CM184106,s.n.,NA,NA,CC0_1_0,Carnegie Museum of Natural History,"Sumstine, D.R.",NA,NA,2/1/23 18:02,StillImage,CONTINENT_DERIVED_FROM_COORDINATES;INSTITUTION_MATCH_FUZZY;INSTITUTION_COLLECTION_MISMATCH,EX
2859347898,f3f03cbf-1a01-4739-ae15-c1355b8c2dbf,BB570E9C-6354-4AC8-957D-E37BAAE26871,Plantae,Tracheophyta,Magnoliopsida,Ericales,Theaceae,Franklinia,Franklinia alatamaha,NA,SPECIES,Franklinia alatamaha Bartram ex Marshall,Franklinia alatamaha,Bartram ex Marsh.,US,"Pittsburgh, North Side",Pennsylvania,PRESENT,NA,c1da06f0-580e-11dc-8a9e-b8a03c50a862,40.45561,-80.01431,1778,NA,NA,NA,NA,NA,9/11/40 0:00,11,9,1940,5421082,5421082,PRESERVED_SPECIMEN,CM,Botany,CM184102,s.n.,NA,NA,CC0_1_0,Carnegie Museum of Natural History,"Deer, A.J.",NA,NA,2/1/23 18:02,StillImage,CONTINENT_DERIVED_FROM_COORDINATES;INSTITUTION_MATCH_FUZZY;INSTITUTION_COLLECTION_MISMATCH,EX
2859111579,f3f03cbf-1a01-4739-ae15-c1355b8c2dbf,64E7F637-4D12-4B3E-8397-4BCB4333845D,Plantae,Tracheophyta,Magnoliopsida,Ericales,Theaceae,Franklinia,Franklinia alatamaha,NA,SPECIES,Franklinia alatamaha Bartram ex Marshall,Franklinia alatamaha,Bartram ex Marsh.,US,"Pittsburgh, Phipps Conservatory, Outdoor Garden",Pennsylvania,PRESENT,NA,c1da06f0-580e-11dc-8a9e-b8a03c50a862,40.43907,-79.94822,198,NA,NA,NA,NA,NA,10/20/88 0:00,20,10,1988,5421082,5421082,PRESERVED_SPECIMEN,CM,Botany,CM347406,853,B. Bartholomew 1990 !,NA,CC0_1_0,Carnegie Museum of Natural History,"Lobdell, E.Y.",NA,NA,2/1/23 18:02,StillImage,CONTINENT_DERIVED_FROM_COORDINATES;INSTITUTION_MATCH_FUZZY;INSTITUTION_COLLECTION_MISMATCH,EX
2859111424,f3f03cbf-1a01-4739-ae15-c1355b8c2dbf,5B040735-E136-421A-B643-FF7E7682A752,Plantae,Tracheophyta,Magnoliopsida,Ericales,Theaceae,Franklinia,Franklinia alatamaha,NA,SPECIES,Franklinia alatamaha Bartram ex Marshall,Franklinia alatamaha,Bartram ex Marsh.,US,Chevy Chase Circle,Maryland,PRESENT,NA,c1da06f0-580e-11dc-8a9e-b8a03c50a862,38.967888,-77.076644,2166,NA,NA,NA,NA,NA,8/8/13 0:00,8,8,1913,5421082,5421082,PRESERVED_SPECIMEN,CM,Botany,CM319531,s.n.,S.A. Thompson 1985,NA,CC0_1_0,Carnegie Museum of Natural History,"Ricker, P.L.",NA,NA,2/1/23 18:02,StillImage,GEODETIC_DATUM_ASSUMED_WGS84;CONTINENT_DERIVED_FROM_COORDINATES;INSTITUTION_MATCH_FUZZY;INSTITUTION_COLLECTION_MISMATCH,EX
2859096351,f3f03cbf-1a01-4739-ae15-c1355b8c2dbf,8AEA9C2F-718B-4A03-80C2-2CAED9D7E11A,Plantae,Tracheophyta,Magnoliopsida,Ericales,Theaceae,Franklinia,Franklinia alatamaha,NA,SPECIES,Franklinia alatamaha Bartram ex Marshall,Franklinia alatamaha,Bartram ex Marsh.,US,"Baltimore, Cub Hill",Maryland,PRESENT,NA,c1da06f0-580e-11dc-8a9e-b8a03c50a862,39.290385,-76.612189,3036,NA,NA,NA,NA,NA,6/10/70 0:00,10,6,1970,5421082,5421082,PRESERVED_SPECIMEN,CM,Botany,CM300940,86126,NA,NA,CC0_1_0,Carnegie Museum of Natural History,"Reed, C.F.",NA,NA,2/1/23 18:02,StillImage,GEODETIC_DATUM_ASSUMED_WGS84;CONTINENT_DERIVED_FROM_COORDINATES;INSTITUTION_MATCH_FUZZY;INSTITUTION_COLLECTION_MISMATCH,EX
2859095637,f3f03cbf-1a01-4739-ae15-c1355b8c2dbf,EF13C7C9-249E-4C48-A0CC-F1E18A82ED5E,Plantae,Tracheophyta,Magnoliopsida,Ericales,Theaceae,Franklinia,Franklinia alatamaha,NA,SPECIES,Franklinia alatamaha Bartram ex Marshall,Franklinia alatamaha,Bartram ex Marsh.,US,2 km S of Gibsonia,Pennsylvania,PRESENT,NA,c1da06f0-580e-11dc-8a9e-b8a03c50a862,40.612068,-79.9695,4832,NA,NA,NA,NA,NA,10/18/90 0:00,18,10,1990,5421082,5421082,PRESERVED_SPECIMEN,CM,Botany,CM354088,8082,NA,NA,CC0_1_0,Carnegie Museum of Natural History,"Thompson, S.A.",NA,NA,2/1/23 18:02,StillImage,CONTINENT_DERIVED_FROM_COORDINATES;INSTITUTION_MATCH_FUZZY;INSTITUTION_COLLECTION_MISMATCH,EX
2859091387,f3f03cbf-1a01-4739-ae15-c1355b8c2dbf,33602692-55FC-41C6-8887-3B721AFB3AAF,Plantae,Tracheophyta,Magnoliopsida,Ericales,Theaceae,Franklinia,Franklinia alatamaha,NA,SPECIES,Franklinia alatamaha Bartram ex Marshall,Franklinia alatamaha,Bartram ex Marsh.,US,West View,Pennsylvania,PRESENT,NA,c1da06f0-580e-11dc-8a9e-b8a03c50a862,40.522291,-80.034222,1680,NA,NA,NA,NA,NA,6/24/35 0:00,24,6,1935,5421082,5421082,PRESERVED_SPECIMEN,CM,Botany,CM161640,s.n.,NA,NA,CC0_1_0,Carnegie Museum of Natural History,"Bright, J.",NA,NA,2/1/23 18:02,StillImage,CONTINENT_DERIVED_FROM_COORDINATES;INSTITUTION_MATCH_FUZZY;INSTITUTION_COLLECTION_MISMATCH,EX
2806584571,7bd65a7a-f762-11e1-a439-00145eb45e9a,urn:catalog:MO:Tropicos:101194713,Plantae,Tracheophyta,Magnoliopsida,Gentianales,Rubiaceae,Deppea,Deppea splendens,NA,SPECIES,Deppea splendens Breedlove & Lorence,Deppea splendens Breedlove & Lorence,Breedlove & Lorence,US,"Missouri Botanical Garden, Climatron. Source: Rancho Santa Ana Botanical Garden, Bart O'Brien, originally collected by Breedlove & Bartholonmew 55758, Mexico, Chiapas, Municipio of Motozintla de Mendoza, on the S.W. side of Cerro Mozotal, 11 km NW of the junction of the road to Motozintla along the road to El Porvenir and Siltepec, 23-Nov-1981. (Cultivated from wild). MOBOT LCMS Accession # 2000-1124-3.",Missouri,PRESENT,1,90fd6680-349f-11d8-aa2d-b8a03c50a862,38.614167,-90.258889,NA,NA,NA,NA,NA,NA,1/16/19 0:00,16,1,2019,2904964,2904964,PRESERVED_SPECIMEN,MO,Tropicos,101194713,Carlsen 3380,M. Carlsen (MO),1/1/19 0:00,CC_BY_4_0,Missouri Botanical Garden,Mónica Carlsen,NA,NA,4/24/23 19:51,StillImage,COORDINATE_ROUNDED;GEODETIC_DATUM_ASSUMED_WGS84;OCCURRENCE_STATUS_INFERRED_FROM_INDIVIDUAL_COUNT;COLLECTION_MATCH_NONE;INSTITUTION_MATCH_FUZZY,EX
2626922308,c267909d-184f-4138-9e67-a074d478d52b,6c3ae359-5a88-443e-8886-23be166866a7,Plantae,Tracheophyta,Magnoliopsida,Gentianales,Rubiaceae,Deppea,Deppea splendens,NA,SPECIES,Deppea splendens Breedlove & Lorence,Deppea splendens,Breedlove & Lorence,US,"Yolo County: University of California, Davis. Botanical Conservatory.",California,PRESENT,NA,f0b6a090-a4c6-11d8-9534-b8a03c50a862,38.541667,-121.772222,NA,NA,15,NA,NA,NA,2/19/13 0:00,19,2,2013,2904964,2904964,PRESERVED_SPECIMEN,DAV,Herbarium,NA,3033,NA,NA,CC_BY_NC_4_0,NA,Eva Bayón,NA,NA,4/2/23 14:54,NA,GEODETIC_DATUM_ASSUMED_WGS84;CONTINENT_DERIVED_FROM_COORDINATES;INSTITUTION_MATCH_FUZZY;COLLECTION_MATCH_FUZZY,EX
2437450943,4ce8e3f9-2546-4af1-b28d-e2eadf05dfd4,46da1fc8-cb74-4f44-9c19-879636810e14,Plantae,Tracheophyta,Magnoliopsida,Solanales,Solanaceae,Brugmansia,Brugmansia sanguinea,NA,SPECIES,Brugmansia sanguinea (Ruiz & Pav.) D.Don,Brugmansia sanguinea,(Ruiz & Pav.) D.Don,US,"On ranch 4-5 miles south of Greenwood (Elk), Mendocino County, California.",California,PRESENT,NA,1deb09e1-ded6-469a-a46e-f6329cb03b6a,39.066667,-123.7,10000,0.016666667,NA,NA,NA,NA,6/27/51 0:00,27,6,1951,5341760,5341760,PRESERVED_SPECIMEN,MEL,MEL,MEL 2443303A,2151,National Herbarium of Victoria (MEL),9/6/18 0:00,CC_BY_4_0,Royal Botanic Gardens Board,"Tucker, J.M.",NA,NA,4/21/23 22:00,NA,INSTITUTION_MATCH_FUZZY;COLLECTION_MATCH_FUZZY,EX
2432126116,f56df26e-73f5-4d37-bfed-3d46c0834e82,e86636c5-fa77-4dff-a572-1474357bbcb9,Plantae,Tracheophyta,Magnoliopsida,Solanales,Solanaceae,Brugmansia,Brugmansia versicolor,NA,SPECIES,Brugmansia versicolor Lagerh.,Brugmansia versicolor,Lagerh.,US,Campus of California Polytechnic State University,California,PRESENT,NA,d16f32bb-204f-4c07-95eb-6673e90225e9,35.302843,-120.661884,957,NA,NA,NA,NA,NA,2/11/80 0:00,11,2,1980,5581019,5581019,PRESERVED_SPECIMEN,OBI,NA,OBI137394,s.n.,NA,NA,CC_BY_NC_4_0,NA,Phil Ashley,NA,NA,4/14/23 15:24,StillImage,CONTINENT_DERIVED_FROM_COORDINATES;INSTITUTION_MATCH_FUZZY,EX
2430426349,9781ce05-2379-4a10-ab3b-c91346510df8,6fa87366-aee7-487d-8769-af00754f1923,Plantae,Tracheophyta,Magnoliopsida,Solanales,Solanaceae,Brugmansia,Brugmansia sanguinea,NA,SPECIES,Brugmansia sanguinea (Ruiz & Pav.) D.Don,Brugmansia sanguinea,(Ruiz & Pav.) D. Don,US,2 miles south of Westport.,California,PRESENT,NA,55807027-6d78-46bd-b2cb-301295ee35aa,40.364042,-123.165302,1200,NA,NA,NA,NA,NA,7/29/41 0:00,29,7,1941,5341760,5341760,PRESERVED_SPECIMEN,RSA,RSA,RSA0084817,s.n.,Julia Dupin,1/1/16 0:00,CC_BY_NC_4_0,NA,Carl B. Wolf,NA,NA,4/24/23 13:55,NA,GEODETIC_DATUM_ASSUMED_WGS84;CONTINENT_DERIVED_FROM_COORDINATES;INSTITUTION_MATCH_FUZZY,EX
2430176218,9781ce05-2379-4a10-ab3b-c91346510df8,cf189db1-9818-4152-b853-0241c367711e,Plantae,Tracheophyta,Magnoliopsida,Solanales,Solanaceae,Brugmansia,Brugmansia sanguinea,NA,SPECIES,Brugmansia sanguinea (Ruiz & Pav.) D.Don,Brugmansia sanguinea,(Ruiz & Pav.) D. Don,US,"Pacifica; San Pedro Valley County Park, growing in riparian setting ca. 0.3 miles upcanyon (east) of the parking lot.; Montana Mountain",California,PRESENT,NA,55807027-6d78-46bd-b2cb-301295ee35aa,37.57526,-122.46358,NA,NA,76,NA,NA,NA,1/1/03 0:00,1,1,2003,5341760,5341760,PRESERVED_SPECIMEN,RSA,RSA,RSA0089575,18463b,NA,NA,CC_BY_NC_4_0,NA,Dean Wm. Taylor; Julie Anne,NA,NA,4/24/23 13:55,NA,CONTINENT_DERIVED_FROM_COORDINATES;INSTITUTION_MATCH_FUZZY,EX
2422530007,e523cf2d-4fc2-48d8-aa75-80ecbc90b3f5,UCR-BPS-5103,Plantae,Tracheophyta,Magnoliopsida,Solanales,Solanaceae,Brugmansia,Brugmansia suaveolens,NA,SPECIES,Datura suaveolens Humb. & Bonpl. ex Willd.,Datura suaveolens,Humb. & Bonpl. ex Willd.,US,"San Marino, Henry E. Huntington Estate [Huntington Library & Garden]",California,PRESENT,NA,53e59855-7653-4d3e-87cc-162021713823,34.12778,-118.11389,NA,NA,183,NA,NA,NA,11/14/66 0:00,14,11,1966,2928886,5341758,PRESERVED_SPECIMEN,UCR,NA,NA,661114--10,NA,NA,CC_BY_NC_4_0,NA,O.F. Clarke; J.M. Harper,NA,NA,4/24/23 17:08,NA,GEODETIC_DATUM_ASSUMED_WGS84;CONTINENT_DERIVED_FROM_COORDINATES;AMBIGUOUS_INSTITUTION,EX
2422501306,e523cf2d-4fc2-48d8-aa75-80ecbc90b3f5,UCR-BPS-259962,Plantae,Tracheophyta,Magnoliopsida,Solanales,Solanaceae,Brugmansia,Brugmansia suaveolens,NA,SPECIES,Datura suaveolens Humb. & Bonpl. ex Willd.,Datura suaveolens,Humb. & Bonpl. ex Willd.,US,"Confluence of Little Tujunga Wash and Big Tujunga Wash at I-210 crossing, within 50 m on north and south sides of I-210",California,PRESENT,NA,53e59855-7653-4d3e-87cc-162021713823,34.27417,-118.37306,NA,NA,329,NA,NA,NA,3/16/10 0:00,16,3,2010,2928886,5341758,PRESERVED_SPECIMEN,UCR,NA,UCR0058033,11958,NA,NA,CC_BY_NC_4_0,NA,R.G. Swinney,NA,NA,4/24/23 17:08,StillImage,GEODETIC_DATUM_ASSUMED_WGS84;CONTINENT_DERIVED_FROM_COORDINATES;AMBIGUOUS_INSTITUTION,EX
2421753012,c267909d-184f-4138-9e67-a074d478d52b,3e8a9103-a5c9-49ea-8bfc-10c54fe0ddda,Plantae,Tracheophyta,Magnoliopsida,Solanales,Solanaceae,Brugmansia,Brugmansia sanguinea,NA,SPECIES,Brugmansia sanguinea (Ruiz & Pav.) D.Don,Brugmansia sanguinea,(Ruiz & Pav.) D. Don,US,Sonoma County: Stewart's Point on coast.,California,PRESENT,NA,f0b6a090-a4c6-11d8-9534-b8a03c50a862,38.652026,-123.399592,996,NA,NA,NA,NA,NA,8/3/41 0:00,3,8,1941,5341760,5341760,PRESERVED_SPECIMEN,DAV,NA,DAV349166,s.n.,D. Don,NA,CC_BY_NC_4_0,NA,A. Greive,NA,NA,4/2/23 14:54,StillImage,CONTINENT_DERIVED_FROM_COORDINATES;INSTITUTION_MATCH_FUZZY,EX
2418008154,ae33dc82-0bc2-43b5-b69b-65bf858f1e7a,ebc5d322-aaa4-4d15-99e2-6ee5ba96453e,Plantae,Tracheophyta,Magnoliopsida,Solanales,Solanaceae,Brugmansia,Brugmansia arborea,NA,SPECIES,Datura arborea L.,Datura arborea,L.,US,"On w side of Colton Hall, Monterey.",California,PRESENT,NA,c6e100e2-7568-4f96-aea1-ff0ea0430212,36.597778,-121.894722,201,NA,NA,NA,NA,NA,7/25/75 0:00,25,7,1975,2928889,5341759,PRESERVED_SPECIMEN,CHSC,VascularPlants,CHSC021394,871,NA,NA,CC_BY_NC_4_0,NA,M. S. Taylor,NA,NA,4/17/23 14:38,StillImage,CONTINENT_DERIVED_FROM_COORDINATES;AMBIGUOUS_INSTITUTION,EX
2417956518,ae33dc82-0bc2-43b5-b69b-65bf858f1e7a,2fed87b8-a3c5-4758-9b43-97755d229b9e,Plantae,Tracheophyta,Liliopsida,Poales,Poaceae,Bromus,Bromus bromoideus,NA,SPECIES,Bromus bromoideus (Lej.) Crép.,Bromus bromoideus,(Lej.) Crép.,US,"Near vernal pool, sw corner of Broyles Rd and Hwy 99 jct, ca. 11 mi n of Chico.",California,PRESENT,NA,c6e100e2-7568-4f96-aea1-ff0ea0430212,39.863333,-121.96,402,NA,61,NA,NA,NA,3/23/76 0:00,23,3,1976,4932846,4932846,PRESERVED_SPECIMEN,CHSC,VascularPlants,CHSC028604,1034,J.T. Howell,NA,CC_BY_NC_4_0,NA,M. S. Taylor,NA,NA,4/17/23 14:39,NA,CONTINENT_DERIVED_FROM_COORDINATES;AMBIGUOUS_INSTITUTION,EX
2412539885,b2d55172-8980-4195-9632-a186edb27d5a,990388ee-9601-4d13-bc61-eb1a90109f21,Plantae,Tracheophyta,Magnoliopsida,Solanales,Solanaceae,Brugmansia,Brugmansia suaveolens,NA,SPECIES,Datura suaveolens Humb. & Bonpl. ex Willd.,Datura suaveolens,Humb. & Bonpl. ex Willd.,US,"in yard on Gladys, Long Beach.",California,PRESENT,NA,a26fb77a-67a4-4a15-b2c3-0c7b87ddb8e6,33.774978,-118.156064,10239,NA,NA,NA,NA,NA,5/10/72 0:00,10,5,1972,2928886,5341758,PRESERVED_SPECIMEN,LOB,NA,NA,s.n.,NA,NA,CC_BY_NC_4_0,NA,H. Roberts,NA,NA,4/2/23 14:46,NA,CONTINENT_DERIVED_FROM_COORDINATES;INSTITUTION_MATCH_FUZZY,EX
2381414601,7bd65a7a-f762-11e1-a439-00145eb45e9a,urn:catalog:MO:Tropicos:101151442,Plantae,Tracheophyta,Magnoliopsida,Nymphaeales,Nymphaeaceae,Nymphaea,Nymphaea thermarum,NA,SPECIES,Nymphaea thermarum E.Fisch.,Nymphaea thermarum Eb. Fisch.,Eb. Fisch.,US,Missouri Botanical Garden. 4344 Shaw Blvd. Cultivated plants of the grounds. Water Lily Ponds.,Missouri,PRESENT,1,90fd6680-349f-11d8-aa2d-b8a03c50a862,38.6,-90.25,NA,NA,160,NA,NA,NA,8/14/19 0:00,14,8,2019,3697368,3697368,PRESERVED_SPECIMEN,MO,Tropicos,101151442,Merello 3789,NA,NA,CC_BY_4_0,Missouri Botanical Garden,Mary Merello;et al.,NA,NA,4/24/23 19:52,StillImage,GEODETIC_DATUM_ASSUMED_WGS84;OCCURRENCE_STATUS_INFERRED_FROM_INDIVIDUAL_COUNT;COLLECTION_MATCH_NONE;INSTITUTION_MATCH_FUZZY,EX
2269118179,27b4ff4b-29c3-4017-9c48-3750861392f7,20fa1542-9cbf-4388-aa6c-9ee90ad0f43c,Plantae,Tracheophyta,Magnoliopsida,Solanales,Solanaceae,Brugmansia,Brugmansia sanguinea,NA,SPECIES,Datura sanguinea Ruiz & Pav.,Datura sanguinea,Ruiz & Pav.,US,Cultivated from seeds from International Seed Exchange,North Carolina,PRESENT,NA,0eabc674-8106-401e-9613-5f10164b562d,35.9132,-79.055844,3000,NA,NA,NA,NA,NA,6/1/69 0:00,NA,6,1969,2928891,5341760,PRESERVED_SPECIMEN,NCU,Vascular Plants,NCU00429722,12,Anonymous,NA,CC_BY_4_0,NA,Anonymous,NA,NA,4/26/23 2:17,StillImage,CONTINENT_DERIVED_FROM_COORDINATES;INSTITUTION_MATCH_FUZZY;COLLECTION_MATCH_FUZZY,EX
2268976725,7bd65a7a-f762-11e1-a439-00145eb45e9a,urn:catalog:MO:Tropicos:101081838,Plantae,Tracheophyta,Magnoliopsida,Ericales,Theaceae,Franklinia,Franklinia alatamaha,NA,SPECIES,Franklinia alatamaha Bartram ex Marshall,Franklinia alatamaha Marshall,Marshall,US,"Missouri Botanical Garden, Englishi Woodland Garden",Missouri,PRESENT,1,90fd6680-349f-11d8-aa2d-b8a03c50a862,38.61295,-90.26115,NA,NA,160,NA,NA,NA,6/20/13 0:00,20,6,2013,5421082,5421082,PRESERVED_SPECIMEN,MO,Tropicos,101081838,Applequist 395,NA,NA,CC_BY_4_0,Missouri Botanical Garden,Wendy L. Applequist;Andrew Townesmith;Alyse Rothrock Kuhlman;Ashley Glenn,NA,NA,4/24/23 19:53,NA,GEODETIC_DATUM_ASSUMED_WGS84;OCCURRENCE_STATUS_INFERRED_FROM_INDIVIDUAL_COUNT;COLLECTION_MATCH_NONE;INSTITUTION_MATCH_FUZZY,EX
2251701091,d415c253-4d61-4459-9d25-4015b9084fb0,7d0ccba0-a897-4651-a4d2-18cc0efea1bf,Plantae,Tracheophyta,Magnoliopsida,Malpighiales,Euphorbiaceae,Euphorbia,Euphorbia remyi,hanaleiensis,VARIETY,Euphorbia remyi var. hanaleiensis Sherff,Euphorbia remyi var. hanaleiensis Sherff,Sherff,US,Kalualea,Hawaii,PRESENT,NA,ae447c50-b8a8-11d8-92a4-b8a03c50a862,21.959116,-159.496348,NA,NA,NA,NA,NA,NA,12/31/39 0:00,31,12,1939,3069281,3069272,PRESERVED_SPECIMEN,NY,NY,4049897,12676,NA,NA,CC0_1_0,The New York Botanical Garden,O. Degener,NA,NA,3/30/23 0:19,StillImage,COLLECTION_MATCH_FUZZY,EX
2242413662,89c53edb-0fac-4118-bdc0-d70ca50953dc,7b58bf38-3c6b-4103-9c19-381312f3e966,Plantae,Tracheophyta,Magnoliopsida,Solanales,Solanaceae,Brugmansia,Brugmansia suaveolens,NA,SPECIES,Datura suaveolens Humb. & Bonpl. ex Willd.,Datura suaveolens,Humb. & Bonpl. ex Willd.,US,"Denver Botanic Gardens, 909 York Street, Conservatory",Colorado,PRESENT,NA,36488347-eceb-40ed-b687-406f3601d8cb,39.732207,-104.961468,293,NA,1643,NA,NA,NA,10/27/83 0:00,27,10,1983,2928886,5341758,PRESERVED_SPECIMEN,DBG,KHD,KHD00052166,2869,NA,NA,CC0_1_0,Public Domain,Janet L. Wingate,NA,NA,4/19/23 0:30,StillImage,GEODETIC_DATUM_ASSUMED_WGS84;CONTINENT_DERIVED_FROM_COORDINATES;INSTITUTION_MATCH_FUZZY,EX
2242412848,89c53edb-0fac-4118-bdc0-d70ca50953dc,ad47a2de-0161-4472-8c68-4c5517910d5a,Plantae,Tracheophyta,Magnoliopsida,Solanales,Solanaceae,Brugmansia,Brugmansia suaveolens,NA,SPECIES,Datura suaveolens Humb. & Bonpl. ex Willd.,Datura suaveolens,Humb. & Bonpl. ex Willd.,US,"Conservatory, Denver Botanic Gardens.",Colorado,PRESENT,NA,36488347-eceb-40ed-b687-406f3601d8cb,39.732207,-104.961468,293,NA,1643,NA,NA,NA,5/14/68 0:00,14,5,1968,2928886,5341758,PRESERVED_SPECIMEN,DBG,KHD,KHD00052165,s.n.,J. Wingate,NA,CC0_1_0,Public Domain,Ernie Bibee,NA,NA,4/19/23 0:30,StillImage,CONTINENT_DERIVED_FROM_COORDINATES;INSTITUTION_MATCH_FUZZY,EX
2242401203,89c53edb-0fac-4118-bdc0-d70ca50953dc,e393679c-69a0-4ee6-88f8-0328b7e33d93,Plantae,Tracheophyta,Magnoliopsida,Asterales,Campanulaceae,Cyanea,Cyanea sessilifolia,NA,SPECIES,Rollandia sessilifolia O.Deg.,Rollandia sessilifolia,O. Deg.,US,"Pupukea-Kahuku Trail, Oahu, T.H.",Hawaii,PRESENT,NA,36488347-eceb-40ed-b687-406f3601d8cb,21.666389,-157.983333,14542,NA,NA,NA,NA,NA,4/3/38 0:00,3,4,1938,5412198,5412197,PRESERVED_SPECIMEN,DBG,KHD,KHD00040123,"77,924",NA,NA,CC0_1_0,Public Domain,Otto Degener,NA,NA,4/19/23 0:31,StillImage,CONTINENT_DERIVED_FROM_COORDINATES;INSTITUTION_MATCH_FUZZY,EX
2234457061,27b4ff4b-29c3-4017-9c48-3750861392f7,ac2b9733-cc84-4d37-aa47-0ded1496740c,Plantae,Tracheophyta,Magnoliopsida,Ericales,Theaceae,Franklinia,Franklinia alatamaha,NA,SPECIES,Franklinia alatamaha Bartram ex Marshall,Franklinia alatamaha,Bartram ex Marsh.,US,"Cultivated, Cub Hill, Baltimore, Baltimore County, Maryland.",Maryland,PRESENT,NA,0eabc674-8106-401e-9613-5f10164b562d,39.416755,-76.523103,1168,NA,NA,NA,NA,NA,6/10/70 0:00,10,6,1970,5421082,5421082,PRESERVED_SPECIMEN,NCU,Vascular Plants,NCU00052499,86126,"Prince, Linda M.",NA,CC_BY_4_0,NA,"Reed, Clyde F.",NA,NA,4/26/23 2:17,StillImage,CONTINENT_DERIVED_FROM_COORDINATES;INSTITUTION_MATCH_FUZZY;COLLECTION_MATCH_FUZZY,EX
2234455281,27b4ff4b-29c3-4017-9c48-3750861392f7,4c343819-cfb4-4ed3-a661-dd53c84507ba,Plantae,Tracheophyta,Magnoliopsida,Ericales,Theaceae,Franklinia,Franklinia alatamaha,NA,SPECIES,Franklinia alatamaha Bartram ex Marshall,Franklinia alatamaha,Bartram ex Marsh.,US,"Cub Hill, Baltimore",Maryland,PRESENT,NA,0eabc674-8106-401e-9613-5f10164b562d,39.416755,-76.523103,1168,NA,NA,NA,NA,NA,6/10/70 0:00,10,6,1970,5421082,5421082,PRESERVED_SPECIMEN,NCU,Vascular Plants,NCU00052500,86126,"Prince, Linda M.",NA,CC_BY_4_0,NA,"Reed, Clyde F.",NA,NA,4/26/23 2:17,StillImage,CONTINENT_DERIVED_FROM_COORDINATES;INSTITUTION_MATCH_FUZZY;COLLECTION_MATCH_FUZZY,EX
1990213078,707e1918-0999-4f2f-9ad1-22c0be104861,fd9499b4-e5ab-4b90-8ebb-96e8ef0efec6,Plantae,Tracheophyta,Magnoliopsida,Ericales,Theaceae,Franklinia,Franklinia alatamaha,NA,SPECIES,Franklinia alatamaha Bartram ex Marshall,Franklinia alatamaha,Bartram ex Marsh.,US,"Raleigh, Beryl Rd., N. C. State University Arboretum",North Carolina,PRESENT,NA,0f0c387a-64ec-4eaa-b590-e09b0f11c94f,35.794269,-78.698546,160,NA,NA,NA,NA,NA,1/28/94 0:00,28,1,1994,5421082,5421082,PRESERVED_SPECIMEN,NCSC,NA,NCSC00029571,361,NA,NA,CC_BY_4_0,NA,Alice B. Russell,NA,NA,4/11/23 7:47,StillImage,COORDINATE_ROUNDED;GEODETIC_DATUM_ASSUMED_WGS84;CONTINENT_DERIVED_FROM_COORDINATES;INSTITUTION_MATCH_FUZZY,EX
1988873440,c8d12f8a-7e39-4e2c-92d7-825d590ad15b,49650cef-9094-445a-90cf-fc90931a963c,Plantae,Tracheophyta,Magnoliopsida,Malpighiales,Euphorbiaceae,Euphorbia,Euphorbia mayurnathanii,NA,SPECIES,Euphorbia mayurnathanii Croiz.,Euphorbia mayuranthanii,NA,US,"USA, Pima, Arid Lands Greenhouses",Arizona,PRESENT,NA,174c6da2-e002-42fe-9f56-2f9d670240f4,32.141594,-111.040664,NA,NA,NA,NA,NA,NA,12/5/09 0:00,5,12,2009,5792376,5792376,PRESERVED_SPECIMEN,MICH,Angiosperms,1491528,265,NA,NA,CC_BY_NC_4_0,NA,Brian L. Dorsey,NA,NA,3/16/23 15:07,StillImage,COORDINATE_ROUNDED;GEODETIC_DATUM_ASSUMED_WGS84;TAXON_MATCH_FUZZY,EX
1987010845,7827f68d-c981-4023-bace-288a03434044,119efef9-3ee1-43ee-b03f-728bff71f6d6,Plantae,Tracheophyta,Magnoliopsida,Ericales,Theaceae,Franklinia,Franklinia alatamaha,NA,SPECIES,Franklinia alatamaha Bartram ex Marshall,Franklinia alatamaha,Bartram ex Marsh.,US,Longwood Gardens; Kennett Square; intersection of Route 1 and Route 52. Quad M-7 North of Pierce duPont House,Pennsylvania,PRESENT,NA,4c0e9f60-c489-11d8-bf60-b8a03c50a862,39.873831,-75.674329,25,NA,133,NA,NA,NA,7/1/00 0:00,1,7,2000,5421082,5421082,PRESERVED_SPECIMEN,USU,UTC,UTC00229572,256,Assumed to be collector,NA,CC0_1_0,Utah State University,Jennifer Hart,NA,NA,4/25/23 15:40,StillImage,CONTINENT_DERIVED_FROM_COORDINATES;COLLECTION_MATCH_FUZZY,EX
1978380541,b89d52a2-861d-4388-adad-c0da3d55fc78,c3fadb37-c98a-49c2-a91c-3dd90ee4531e,Plantae,Tracheophyta,Cycadopsida,Cycadales,Zamiaceae,Encephalartos,Encephalartos nubimontanus,NA,SPECIES,Encephalartos nubimontanus P.J.H.Hurter,Encephalartos nubimontanus,P.J.H.Hurter,US,NA,Florida,PRESENT,NA,8483a1f0-1032-11db-ae00-b8a03c50a862,25.6787,-80.2737,NA,NA,NA,NA,NA,NA,6/8/17 0:00,8,6,2017,2683831,2683831,PRESERVED_SPECIMEN,FLAS,NA,267672,17-122,NA,NA,CC_BY_NC_4_0,University of Florida,Nathalie Nagalingum,NA,NA,4/24/23 4:07,StillImage,CONTINENT_DERIVED_FROM_COORDINATES;COLLECTION_MATCH_NONE;INSTITUTION_MATCH_FUZZY,EX
1978380444,b89d52a2-861d-4388-adad-c0da3d55fc78,a3c67946-407e-413f-93ec-73b7723c3d21,Plantae,Tracheophyta,Cycadopsida,Cycadales,Zamiaceae,Encephalartos,Encephalartos nubimontanus,NA,SPECIES,Encephalartos nubimontanus P.J.H.Hurter,Encephalartos nubimontanus,P.J.H.Hurter,US,NA,Florida,PRESENT,NA,8483a1f0-1032-11db-ae00-b8a03c50a862,25.6787,-80.2737,NA,NA,NA,NA,NA,NA,6/8/17 0:00,8,6,2017,2683831,2683831,PRESERVED_SPECIMEN,FLAS,NA,267671,17-122,NA,NA,CC_BY_NC_4_0,University of Florida,Nathalie Nagalingum,NA,NA,4/24/23 4:07,StillImage,CONTINENT_DERIVED_FROM_COORDINATES;COLLECTION_MATCH_NONE;INSTITUTION_MATCH_FUZZY,EX
1978380086,b89d52a2-861d-4388-adad-c0da3d55fc78,2d8ec6c4-61eb-4637-8fa8-78b51f95080d,Plantae,Tracheophyta,Cycadopsida,Cycadales,Zamiaceae,Encephalartos,Encephalartos nubimontanus,NA,SPECIES,Encephalartos nubimontanus P.J.H.Hurter,Encephalartos nubimontanus,P.J.H.Hurter,US,NA,Florida,PRESENT,NA,8483a1f0-1032-11db-ae00-b8a03c50a862,25.6787,-80.2737,NA,NA,NA,NA,NA,NA,6/8/17 0:00,8,6,2017,2683831,2683831,PRESERVED_SPECIMEN,FLAS,NA,267673,17-122,NA,NA,CC_BY_NC_4_0,University of Florida,Nathalie Nagalingum,NA,NA,4/24/23 4:07,StillImage,CONTINENT_DERIVED_FROM_COORDINATES;COLLECTION_MATCH_NONE;INSTITUTION_MATCH_FUZZY,EX
1930610862,d415c253-4d61-4459-9d25-4015b9084fb0,c9165786-8b8f-4222-bbc9-98d7de9930e3,Plantae,Tracheophyta,Magnoliopsida,Gentianales,Rubiaceae,Deppea,Deppea splendens,NA,SPECIES,Deppea splendens Breedlove & Lorence,Deppea splendens Breedlove & Lorence,Breedlove & Lorence,US,New York Botanical Garden,New York,PRESENT,NA,ae447c50-b8a8-11d8-92a4-b8a03c50a862,40.8569,-73.8744,NA,NA,NA,NA,NA,NA,1/25/12 0:00,25,1,2012,2904964,2904964,PRESERVED_SPECIMEN,NY,NY,3372947,59015,NA,NA,CC0_1_0,The New York Botanical Garden,M. H. Nee,NA,NA,3/30/23 0:20,StillImage,GEODETIC_DATUM_ASSUMED_WGS84;COLLECTION_MATCH_FUZZY,EX
1930488525,d415c253-4d61-4459-9d25-4015b9084fb0,c07048e1-3144-4605-9d69-e3f02ad2be0b,Plantae,Tracheophyta,Magnoliopsida,Ericales,Theaceae,Franklinia,Franklinia alatamaha,NA,SPECIES,Franklinia alatamaha Bartram ex Marshall,Franklinia altamaha Marshall,Marshall,US,"New York Botanical Garden, between Harding Lab & Native Plant Garden",New York,PRESENT,NA,ae447c50-b8a8-11d8-92a4-b8a03c50a862,40.85,-73.88,NA,NA,NA,NA,NA,NA,7/23/94 0:00,23,7,1994,5421082,5421082,PRESERVED_SPECIMEN,NY,NY,40560,518,D. E. Atha,1/1/94 0:00,CC0_1_0,The New York Botanical Garden,D. E. Atha,NA,NA,3/30/23 0:18,StillImage,GEODETIC_DATUM_ASSUMED_WGS84;TAXON_MATCH_FUZZY;COLLECTION_MATCH_FUZZY,EX
1930325843,d415c253-4d61-4459-9d25-4015b9084fb0,b4fb36e5-f883-4b41-9d07-8b5aeb116fb2,Plantae,Tracheophyta,Magnoliopsida,Asterales,Campanulaceae,Cyanea,Cyanea arborea,NA,SPECIES,Cyanea arborea Hillebr.,Cyanea arborea Hillebr.,Hillebr.,US,"Ulupalakua, Maui Island",Hawaii,PRESENT,NA,ae447c50-b8a8-11d8-92a4-b8a03c50a862,20.649872,-156.395067,NA,NA,NA,NA,NA,NA,3/1/19 0:00,NA,3,1919,5412167,5412167,PRESERVED_SPECIMEN,NY,NY,2473406,s.n.,NA,NA,CC0_1_0,The New York Botanical Garden,J. F. C. Rock,NA,NA,3/30/23 0:19,NA,GEODETIC_DATUM_ASSUMED_WGS84;COLLECTION_MATCH_FUZZY,EX
1929792617,d415c253-4d61-4459-9d25-4015b9084fb0,8f6a9eaa-831f-45eb-ba8c-26fee2e879f7,Plantae,Tracheophyta,Magnoliopsida,Solanales,Solanaceae,Brugmansia,Brugmansia suaveolens,NA,SPECIES,Datura suaveolens Humb. & Bonpl. ex Willd.,Datura suaveolens Humb. & Bonpl. ex Willd.,Humb. & Bonpl. ex Willd.,US,Eastern shore of Lake Okeechobee.,Florida,PRESENT,NA,ae447c50-b8a8-11d8-92a4-b8a03c50a862,26.844515,-80.629084,NA,NA,NA,NA,NA,NA,4/17/24 0:00,17,4,1924,2928886,5341758,PRESERVED_SPECIMEN,NY,NY,1423856,11158,NA,NA,CC0_1_0,The New York Botanical Garden,J. K. Small,NA,NA,3/30/23 0:19,StillImage,COLLECTION_MATCH_FUZZY,EX
1928549523,d415c253-4d61-4459-9d25-4015b9084fb0,373b446f-51a2-48cc-a5b4-3ecc27016856,Plantae,Tracheophyta,Magnoliopsida,Ericales,Theaceae,Franklinia,Franklinia alatamaha,NA,SPECIES,Franklinia alatamaha Bartram ex Marshall,Franklinia altamaha Marshall,Marshall,US,"New York City.  Grounds of The New York Botanical Garden, N of Waring Ave and W of the Bronx River. Native Plant Garden",New York,PRESENT,NA,ae447c50-b8a8-11d8-92a4-b8a03c50a862,40.863518,-73.878644,NA,NA,NA,NA,NA,NA,10/26/09 0:00,26,10,2009,5421082,5421082,PRESERVED_SPECIMEN,NY,NY,1157695,8495,D. E. Atha,1/1/09 0:00,CC0_1_0,The New York Botanical Garden,D. E. Atha,NA,NA,3/30/23 0:19,NA,COORDINATE_ROUNDED;GEODETIC_DATUM_ASSUMED_WGS84;TAXON_MATCH_FUZZY;COLLECTION_MATCH_FUZZY,EX
1846525667,3c59bd42-7bfd-421b-8da4-275780390e4c,bac90dc4-0a71-4145-a842-b9015431bcce,Plantae,Tracheophyta,Liliopsida,Asparagales,Asparagaceae,Agave,Agave vera-cruz,NA,SPECIES,Agave lurida Aiton,Agave lurida,Ait.,US,"Cultivated at Desert Botanical Garden, 33 deg 27'33'' N, 111 deg 56'35'' W, ca 1200 feet, accession number 1972 0039 0101, cultivated plant not of known wild origin.",Arizona,PRESENT,NA,e1f6195c-b21b-4601-809e-bdf0488ee9a4,33.459167,-111.943056,NA,NA,366,NA,NA,NA,6/17/04 0:00,17,6,2004,2766860,2766994,PRESERVED_SPECIMEN,DES,NA,DES00064269,18233,NA,NA,CC_BY_4_0,NA,Wendy C. Hodgson,NA,NA,4/24/23 17:05,StillImage,GEODETIC_DATUM_ASSUMED_WGS84;CONTINENT_DERIVED_FROM_COORDINATES;COLLECTION_MATCH_NONE;INSTITUTION_MATCH_FUZZY,EX
1846525610,3c59bd42-7bfd-421b-8da4-275780390e4c,1bd63c29-d166-4943-a098-89d9db67b6da,Plantae,Tracheophyta,Liliopsida,Asparagales,Asparagaceae,Agave,Agave vera-cruz,NA,SPECIES,Agave lurida Aiton,Agave lurida,Ait.,US,"Cultivated at Desert Botanical Garden, 33 deg 27'33'' N, 111 deg 56'35'' W, ca 1200 feet, accession number 1972 0039 0101, cultivated plant not of known wild origin.",Arizona,PRESENT,NA,e1f6195c-b21b-4601-809e-bdf0488ee9a4,33.459167,-111.943056,NA,NA,366,NA,NA,NA,6/17/04 0:00,17,6,2004,2766860,2766994,PRESERVED_SPECIMEN,DES,NA,DES00064264,18233,NA,NA,CC_BY_4_0,NA,Wendy C. Hodgson,NA,NA,4/24/23 17:05,StillImage,GEODETIC_DATUM_ASSUMED_WGS84;CONTINENT_DERIVED_FROM_COORDINATES;COLLECTION_MATCH_NONE;INSTITUTION_MATCH_FUZZY,EX
1503278999,af1b4db0-c8ce-4a95-b700-8a6a02bed9d6,6A378919-4C88-45A5-A99A-87A98DF1B3BA,Plantae,Tracheophyta,Magnoliopsida,Ericales,Theaceae,Franklinia,Franklinia alatamaha,NA,SPECIES,Franklinia alatamaha Bartram ex Marshall,Franklinia alatamaha,Marshall,US,"E.Q. Begley home, 136 Clovercrest Road, Wethersfield.",Connecticut,PRESENT,NA,253fc67c-c7fb-4c85-88f5-43ac6d9dc8a9,41.6856,-72.6892,NA,NA,NA,NA,NA,NA,8/21/02 0:00,21,8,2002,5421082,5421082,PRESERVED_SPECIMEN,USF,Herb,284018,34943,S. R. Hill,1/1/02 0:00,CC_BY_4_0,NA,S. R. Hill,NA,NA,4/21/23 1:58,StillImage,GEODETIC_DATUM_ASSUMED_WGS84;CONTINENT_DERIVED_FROM_COORDINATES;INSTITUTION_COLLECTION_MISMATCH,EX
1503169905,af1b4db0-c8ce-4a95-b700-8a6a02bed9d6,33197154-5435-4CAB-8F49-AFE94BB19FA4,Plantae,Tracheophyta,Magnoliopsida,Solanales,Solanaceae,Brugmansia,Brugmansia sanguinea,NA,SPECIES,Brugmansia sanguinea (Ruiz & Pav.) D.Don,Brugmansia sanguinea,(Ruiz & Pav.) D. Don,US,"N rim of Fuschia Dell, S edge of N Ridge Drive, Golden Gate Park, San Francisco.",California,PRESENT,NA,253fc67c-c7fb-4c85-88f5-43ac6d9dc8a9,39.3366,-123.301,NA,NA,NA,NA,NA,NA,6/23/69 0:00,23,6,1969,5341760,5341760,PRESERVED_SPECIMEN,USF,Herb,102700,1391,NA,NA,CC_BY_4_0,NA,"S. Kawahara, F. Yamasaki",NA,NA,4/21/23 1:59,StillImage,GEODETIC_DATUM_ASSUMED_WGS84;CONTINENT_DERIVED_FROM_COORDINATES;INSTITUTION_COLLECTION_MISMATCH,EX
1457798537,b89d52a2-861d-4388-adad-c0da3d55fc78,a080d1a8-ffe2-413d-ac60-34dcc2c36b00,Plantae,Tracheophyta,Magnoliopsida,Solanales,Solanaceae,Brugmansia,Brugmansia versicolor,NA,SPECIES,Brugmansia versicolor Lagerh.,Brugmansia versicolor,Lagerh.,US,NA,Florida,PRESENT,NA,8483a1f0-1032-11db-ae00-b8a03c50a862,27.333333,-82.55,NA,NA,NA,NA,NA,NA,1/29/98 0:00,29,1,1998,5581019,5581019,PRESERVED_SPECIMEN,FLAS,NA,198712,11233,NA,NA,CC_BY_NC_4_0,University of Florida,J. Richard Abbott,NA,NA,4/24/23 4:07,NA,COORDINATE_ROUNDED;GEODETIC_DATUM_ASSUMED_WGS84;CONTINENT_DERIVED_FROM_COORDINATES;COLLECTION_MATCH_NONE;INSTITUTION_MATCH_FUZZY,EX
1453143563,50c9509d-22c7-4a22-a47d-8c48425ef4a7,http://www.inaturalist.org/observations/4364062,Plantae,Tracheophyta,Magnoliopsida,Asterales,Campanulaceae,Cyanea,Cyanea superba,superba,SUBSPECIES,Cyanea superba subsp. superba,Cyanea superba superba,NA,US,NA,Hawaii,PRESENT,NA,28eb1a3f-1c15-4a95-931a-4af90ecb574d,21.544002,-158.154245,30377,NA,NA,NA,NA,NA,9/20/16 7:59,20,9,2016,7069343,5412245,HUMAN_OBSERVATION,iNaturalist,Observations,4364062,NA,Sean Erroll MacDonald,10/15/16 19:09,CC_BY_NC_4_0,Sean Erroll MacDonald,Sean Erroll MacDonald,NA,NA,4/19/23 13:08,StillImage,COORDINATE_ROUNDED;CONTINENT_DERIVED_FROM_COORDINATES,EX
1320925390,821cc27a-e3bb-4bc5-ac34-89ada245069d,http://n2t.net/ark:/65665/3a4ad3846-9a1d-42e0-862e-b5b82066a8a8,Plantae,Tracheophyta,Magnoliopsida,Ericales,Theaceae,Franklinia,Franklinia alatamaha,NA,SPECIES,Franklinia alatamaha Bartram ex Marshall,Franklinia alatamaha,Marshall,US,NA,District of Columbia,PRESENT,1,bc092ff0-02e4-11dc-991f-b8a03c50a862,38.895,-77.0367,NA,NA,NA,NA,NA,NA,1881-11-26 00:00:00,26,11,1881,5421082,5421082,PRESERVED_SPECIMEN,US,US,US 136304,s.n.,"Prince, L. M.",NA,CC0_1_0,NA,L. F. Ward,NA,NA,4/18/23 12:50,StillImage,GEODETIC_DATUM_ASSUMED_WGS84,EX
1320766938,821cc27a-e3bb-4bc5-ac34-89ada245069d,http://n2t.net/ark:/65665/39dad1a6e-0cad-4e5b-a41d-3dd964a684f2,Plantae,Tracheophyta,Magnoliopsida,Ericales,Theaceae,Franklinia,Franklinia alatamaha,NA,SPECIES,Franklinia alatamaha Bartram ex Marshall,Franklinia alatamaha,Marshall,US,United States Botanic Garden Production Facility - 2400 Shepherd Parkway SW,District of Columbia,PRESENT,1,bc092ff0-02e4-11dc-991f-b8a03c50a862,38.8174,-77.0158,NA,NA,15,NA,NA,NA,7/16/15 0:00,16,7,2015,5421082,5421082,PRESERVED_SPECIMEN,US,US,US 3694646,555,NA,NA,CC0_1_0,NA,"K. M. Van Neste, S. E. Gabler, C. L. Kelloff, O. Gulledge, A. Hill & K. Wallick",NA,NA,4/18/23 12:49,StillImage,GEODETIC_DATUM_ASSUMED_WGS84,EX
1320671000,821cc27a-e3bb-4bc5-ac34-89ada245069d,http://n2t.net/ark:/65665/3996ffa08-8733-42fd-b36e-c2ea0a58195d,Plantae,Tracheophyta,Magnoliopsida,Ericales,Theaceae,Franklinia,Franklinia alatamaha,NA,SPECIES,Franklinia alatamaha Bartram ex Marshall,Franklinia alatamaha,Marshall,US,Lafayette Square.,District of Columbia,PRESENT,1,bc092ff0-02e4-11dc-991f-b8a03c50a862,38.8989,-77.0381,NA,NA,NA,NA,NA,NA,1895-07-26 00:00:00,26,7,1895,5421082,5421082,PRESERVED_SPECIMEN,US,US,US 478339,s.n.,"Prince, L. M.",NA,CC0_1_0,NA,G. B. Sudworth,NA,NA,4/18/23 12:50,StillImage,GEODETIC_DATUM_ASSUMED_WGS84,EX
1320305606,821cc27a-e3bb-4bc5-ac34-89ada245069d,http://n2t.net/ark:/65665/389455787-e7df-433f-8d9b-e68729e1eb2b,Plantae,Tracheophyta,Magnoliopsida,Ericales,Theaceae,Franklinia,Franklinia alatamaha,NA,SPECIES,Franklinia alatamaha Bartram ex Marshall,Franklinia alatamaha,Marshall,US,Chevy Chase,Maryland,PRESENT,1,bc092ff0-02e4-11dc-991f-b8a03c50a862,38.9711,-77.0767,NA,NA,NA,NA,NA,NA,9/10/05 0:00,10,9,1905,5421082,5421082,PRESERVED_SPECIMEN,US,US,US 494751,s.n.,NA,NA,CC0_1_0,NA,F. V. Coville,NA,NA,4/18/23 12:50,StillImage,GEODETIC_DATUM_ASSUMED_WGS84,EX
1320183341,821cc27a-e3bb-4bc5-ac34-89ada245069d,http://n2t.net/ark:/65665/383d87532-5042-42ad-9fc1-ae8520e2edf0,Plantae,Tracheophyta,Magnoliopsida,Malvales,Malvaceae,Kokia,Kokia cookei,NA,SPECIES,Kokia cookei O.Deg.,Kokia cookei,O. Deg.,US,"Koloa District, Lawai Valley, National Tropical Botanical Garden Pump 6 Nursery.",Hawaii,PRESENT,1,bc092ff0-02e4-11dc-991f-b8a03c50a862,21.9,-159.508,NA,NA,15,0,NA,NA,4/3/03 0:00,3,4,2003,5406805,5406805,PRESERVED_SPECIMEN,US,US,US 3584077,161,NA,NA,CC0_1_0,NA,L. M. Dunn,NA,NA,4/18/23 12:50,StillImage,GEODETIC_DATUM_ASSUMED_WGS84;CONTINENT_INVALID;CONTINENT_DERIVED_FROM_COORDINATES,EX
1319645134,821cc27a-e3bb-4bc5-ac34-89ada245069d,http://n2t.net/ark:/65665/36c0ebedd-4a5c-4651-aa10-1f6a993611b6,Plantae,Tracheophyta,Magnoliopsida,Ericales,Theaceae,Franklinia,Franklinia alatamaha,NA,SPECIES,Franklinia alatamaha Bartram ex Marshall,Franklinia alatamaha,Marshall,US,Congressional Gardens,District of Columbia,PRESENT,1,bc092ff0-02e4-11dc-991f-b8a03c50a862,38.8894,-77.0097,NA,NA,NA,NA,NA,NA,NA,NA,NA,NA,5421082,5421082,PRESERVED_SPECIMEN,US,US,US 11631,s.n.,NA,NA,CC0_1_0,NA,D. Parry,NA,NA,4/18/23 12:50,StillImage,GEODETIC_DATUM_ASSUMED_WGS84,EX
1319641884,821cc27a-e3bb-4bc5-ac34-89ada245069d,http://n2t.net/ark:/65665/36be9cbda-0160-42da-9fad-b0bf50db1da7,Plantae,Tracheophyta,Magnoliopsida,Ericales,Theaceae,Franklinia,Franklinia alatamaha,NA,SPECIES,Franklinia alatamaha Bartram ex Marshall,Franklinia alatamaha,Marshall,US,NA,District of Columbia,PRESENT,1,bc092ff0-02e4-11dc-991f-b8a03c50a862,38.895,-77.0367,NA,NA,NA,NA,NA,NA,NA,NA,NA,NA,5421082,5421082,PRESERVED_SPECIMEN,US,US,US 11634,s.n.,NA,NA,CC0_1_0,NA,G. R. Vasey,NA,NA,4/18/23 12:50,StillImage,GEODETIC_DATUM_ASSUMED_WGS84;RECORDED_DATE_INVALID,EX
1319393392,821cc27a-e3bb-4bc5-ac34-89ada245069d,http://n2t.net/ark:/65665/360eb38d9-4812-4fbc-ae02-818b2aa79817,Plantae,Tracheophyta,Magnoliopsida,Gentianales,Apocynaceae,Ochrosia,Ochrosia brownii,NA,SPECIES,Ochrosia brownii (Fosberg & Sachet) Lorence & Butaud,Ochrosia brownii,(Fosberg & Sachet) Lorence & Butaud,US,"Hwy 395, west on Whitney Portal Road.",California,PRESENT,1,bc092ff0-02e4-11dc-991f-b8a03c50a862,36.5969,-118.171,NA,NA,1701,0,NA,NA,5/7/16 0:00,7,5,2016,7383547,7383547,PRESERVED_SPECIMEN,US,US,US 3693953,LC 029,NA,NA,CC0_1_0,NA,L. Crawford & S. Crawford,NA,NA,4/18/23 12:50,StillImage,GEODETIC_DATUM_ASSUMED_WGS84,EX
1318806696,821cc27a-e3bb-4bc5-ac34-89ada245069d,http://n2t.net/ark:/65665/346f1ae7b-8d05-456b-9273-98d113504c46,Plantae,Tracheophyta,Magnoliopsida,Ericales,Theaceae,Franklinia,Franklinia alatamaha,NA,SPECIES,Franklinia alatamaha Bartram ex Marshall,Franklinia alatamaha,Marshall,US,NA,District of Columbia,PRESENT,1,bc092ff0-02e4-11dc-991f-b8a03c50a862,38.895,-77.0367,NA,NA,NA,NA,NA,NA,NA,NA,NA,NA,5421082,5421082,PRESERVED_SPECIMEN,US,US,US 11632,s.n.,NA,NA,CC0_1_0,NA,G. R. Vasey,NA,NA,4/18/23 12:50,StillImage,GEODETIC_DATUM_ASSUMED_WGS84;RECORDED_DATE_INVALID,EX
1318347288,821cc27a-e3bb-4bc5-ac34-89ada245069d,http://n2t.net/ark:/65665/332a3e935-af38-4683-8b4b-85cc77626d32,Plantae,Tracheophyta,Magnoliopsida,Ericales,Theaceae,Franklinia,Franklinia alatamaha,NA,SPECIES,Franklinia alatamaha Bartram ex Marshall,Franklinia alatamaha,Marshall,US,Chevy Chase.,Maryland,PRESENT,1,bc092ff0-02e4-11dc-991f-b8a03c50a862,38.9711,-77.0767,NA,NA,NA,NA,NA,NA,9/10/05 0:00,10,9,1905,5421082,5421082,PRESERVED_SPECIMEN,US,US,US 494750,s.n.,"Prince, L. M.",NA,CC0_1_0,NA,F. V. Coville,NA,NA,4/18/23 12:49,StillImage,GEODETIC_DATUM_ASSUMED_WGS84,EX
1317836920,821cc27a-e3bb-4bc5-ac34-89ada245069d,http://n2t.net/ark:/65665/31c0e484c-d8a3-4d60-ad91-d220ddbf9d76,Plantae,Tracheophyta,Magnoliopsida,Ericales,Theaceae,Franklinia,Franklinia alatamaha,NA,SPECIES,Franklinia alatamaha Bartram ex Marshall,Franklinia alatamaha,Marshall,US,NA,District of Columbia,PRESENT,1,bc092ff0-02e4-11dc-991f-b8a03c50a862,38.895,-77.0367,NA,NA,NA,NA,NA,NA,NA,NA,NA,NA,5421082,5421082,PRESERVED_SPECIMEN,US,US,US 11633,s.n.,"Prince, L. M.",NA,CC0_1_0,NA,G. R. Vasey,NA,NA,4/18/23 12:50,StillImage,GEODETIC_DATUM_ASSUMED_WGS84;RECORDED_DATE_INVALID,EX
1265792261,90c853e6-56bd-480b-8e8f-6285c3f8d42b,36a60ea9-47cd-44fa-920d-50910724ebe7,Plantae,Tracheophyta,Magnoliopsida,Fabales,Fabaceae,Sophora,Sophora toromiro,NA,SPECIES,Sophora toromiro (Phil.) Skottsb.,Sophora toromiro Skottsb.,NA,US,NA,Texas,PRESENT,NA,7b8aff00-a9f8-11d8-944b-b8a03c50a862,26.030327,-97.157471,NA,NA,NA,NA,NA,NA,NA,NA,NA,NA,2959054,2959054,PRESERVED_SPECIMEN,F,Botany,V0368378F,128,NA,NA,CC0_1_0,The Field Museum of Natural History,A. C. V. Schott,NA,NA,1/24/23 22:48,StillImage,GEODETIC_DATUM_ASSUMED_WGS84;AMBIGUOUS_COLLECTION;INSTITUTION_MATCH_FUZZY,EX
1259271416,7bd65a7a-f762-11e1-a439-00145eb45e9a,urn:catalog:MO:Tropicos:200154,Plantae,Tracheophyta,Magnoliopsida,Ericales,Theaceae,Franklinia,Franklinia alatamaha,NA,SPECIES,Franklinia alatamaha Bartram ex Marshall,Franklinia alatamaha Marshall,Marshall,US,Walt Disney World Nurseries. Green Tree Plot.,Florida,PRESENT,1,90fd6680-349f-11d8-aa2d-b8a03c50a862,28.5,-81.45,NA,NA,200,NA,NA,NA,11/20/92 0:00,20,11,1992,5421082,5421082,PRESERVED_SPECIMEN,MO,Tropicos,200154,Merello 480,NA,NA,CC_BY_4_0,Missouri Botanical Garden,Mary Merello;et al.,NA,NA,4/24/23 19:52,NA,GEODETIC_DATUM_ASSUMED_WGS84;OCCURRENCE_STATUS_INFERRED_FROM_INDIVIDUAL_COUNT;COLLECTION_MATCH_NONE;INSTITUTION_MATCH_FUZZY,EX
1259176987,7bd65a7a-f762-11e1-a439-00145eb45e9a,urn:catalog:MO:Tropicos:191593,Plantae,Tracheophyta,Magnoliopsida,Malvales,Malvaceae,Melhania,Melhania melanoxylon,NA,SPECIES,Trochetiopsis melanoxylon (R.Br. ex Aiton) Marais,Trochetiopsis melanoxylon (R. Br.) Marais,(R. Br.) Marais,US,"Balboa State Park; San Diego Zoo; zoo grounds, cultivated collection.",California,PRESENT,2,90fd6680-349f-11d8-aa2d-b8a03c50a862,32.66666,-117.16666,NA,NA,65,45,NA,NA,12/14/92 0:00,14,12,1992,3671516,3671377,PRESERVED_SPECIMEN,MO,Tropicos,191593,Schmidt 754,NA,NA,CC_BY_4_0,Missouri Botanical Garden,Heidi H. Schmidt;Mary Merello,NA,NA,4/24/23 19:51,NA,GEODETIC_DATUM_ASSUMED_WGS84;OCCURRENCE_STATUS_INFERRED_FROM_INDIVIDUAL_COUNT;COLLECTION_MATCH_NONE;INSTITUTION_MATCH_FUZZY,EX
1259176966,7bd65a7a-f762-11e1-a439-00145eb45e9a,urn:catalog:MO:Tropicos:191587,Plantae,Tracheophyta,Magnoliopsida,Malvales,Malvaceae,Melhania,Melhania erythroxylon,NA,SPECIES,Trochetiopsis erythroxylon (G.Forst.) Marais,Trochetiopsis erythroxylon (G. Forst.) Marais,(G. Forst.) Marais,US,"Balboa State Park; San Diego Zoo; zoo grounds, cultivated collection.",California,PRESENT,2,90fd6680-349f-11d8-aa2d-b8a03c50a862,32.66666,-117.16666,NA,NA,65,45,NA,NA,12/15/92 0:00,15,12,1992,3671540,3671727,PRESERVED_SPECIMEN,MO,Tropicos,191587,Schmidt 769,NA,NA,CC_BY_4_0,Missouri Botanical Garden,Heidi H. Schmidt;Mary Merello,NA,NA,4/24/23 19:51,NA,GEODETIC_DATUM_ASSUMED_WGS84;OCCURRENCE_STATUS_INFERRED_FROM_INDIVIDUAL_COUNT;COLLECTION_MATCH_NONE;INSTITUTION_MATCH_FUZZY,EX
1258116712,7bd65a7a-f762-11e1-a439-00145eb45e9a,urn:catalog:MO:Tropicos:100787309,Plantae,Tracheophyta,Magnoliopsida,Solanales,Solanaceae,Brugmansia,Brugmansia versicolor,NA,SPECIES,Brugmansia versicolor Lagerh.,Brugmansia versicolor Lagerh.,Lagerh.,US,"Sarasota; Marie Selby Botanical Gardens, 811 South Palm Avenue.",Florida,PRESENT,NA,90fd6680-349f-11d8-aa2d-b8a03c50a862,27.3333,-82.55,NA,NA,NA,NA,NA,NA,1/29/98 0:00,29,1,1998,5581019,5581019,PRESERVED_SPECIMEN,MO,Tropicos,100787309,Abbott 11233,NA,NA,CC_BY_4_0,Missouri Botanical Garden,J. Richard Abbott,NA,NA,4/24/23 19:52,NA,GEODETIC_DATUM_ASSUMED_WGS84;COLLECTION_MATCH_NONE;INSTITUTION_MATCH_FUZZY,EX
1258073459,7bd65a7a-f762-11e1-a439-00145eb45e9a,urn:catalog:MO:Tropicos:100742949,Plantae,Tracheophyta,Magnoliopsida,Ericales,Theaceae,Franklinia,Franklinia alatamaha,NA,SPECIES,Franklinia alatamaha Bartram ex Marshall,Franklinia alatamaha Marshall,Marshall,US,Missouri Botanical Garden.,Missouri,PRESENT,1,90fd6680-349f-11d8-aa2d-b8a03c50a862,38.6,-90.25,NA,NA,160,NA,NA,NA,8/11/14 0:00,11,8,2014,5421082,5421082,PRESERVED_SPECIMEN,MO,Tropicos,100742949,Grayum 13190,NA,NA,CC_BY_4_0,Missouri Botanical Garden,Michael H. Grayum,NA,NA,4/24/23 19:52,NA,GEODETIC_DATUM_ASSUMED_WGS84;OCCURRENCE_STATUS_INFERRED_FROM_INDIVIDUAL_COUNT;COLLECTION_MATCH_NONE;INSTITUTION_MATCH_FUZZY,EX
1230523732,7f5260c2-f762-11e1-a439-00145eb45e9a,https://w.jacq.org/W19120003596,Plantae,Tracheophyta,Magnoliopsida,Asterales,Campanulaceae,Cyanea,Cyanea pohaku,NA,SPECIES,Cyanea pohaku Lammers,Cyanea pohaku Lammers,NA,US,"Haleakala crater, 7000ft. [= 2134m], Maui.",NA,PRESENT,NA,4e11d750-bafb-11d9-8e53-b8a03c50a862,20.70472,-156.17667,NA,NA,2134,NA,NA,NA,10/1/10 0:00,NA,10,1910,5412162,5412162,PRESERVED_SPECIMEN,W,Herbarium W,1912-0003596,NA,T.G. Lammers (OS) 1987-09-14,NA,CC_BY_4_0,NA,"Rock,J.F.",ISOTYPE,NA,4/24/23 22:19,StillImage,CONTINENT_DERIVED_FROM_COORDINATES;COLLECTION_MATCH_NONE;INSTITUTION_MATCH_FUZZY,EX
122930532,832cb04e-f762-11e1-a439-00145eb45e9a,0C00B3EF-7B83-4D12-9CA6-0E8F16F3392D,Plantae,Tracheophyta,Liliopsida,Arecales,Arecaceae,Corypha,Corypha taliera,NA,SPECIES,Corypha taliera Roxb.,Corypha taliera,NA,US,NA,NA,PRESENT,NA,bd561840-efdc-11d9-a329-b8a03c50a862,44.7316,-93.178,NA,NA,NA,NA,NA,NA,4/29/88 0:00,29,4,1988,5293456,5293456,PRESERVED_SPECIMEN,FTG,Herbarium,87993,1806,NA,NA,CC_BY_4_0,NA,"R. W. Sanders, C. E. Hubbuch",NA,NA,4/26/23 1:49,StillImage,GEODETIC_DATUM_ASSUMED_WGS84;COORDINATE_UNCERTAINTY_METERS_INVALID;CONTINENT_DERIVED_FROM_COORDINATES;INSTITUTION_COLLECTION_MISMATCH,EX
122930531,832cb04e-f762-11e1-a439-00145eb45e9a,52E04BD2-7C92-49D0-AA8D-CD4BDB2E902D,Plantae,Tracheophyta,Liliopsida,Arecales,Arecaceae,Corypha,Corypha taliera,NA,SPECIES,Corypha taliera Roxb.,Corypha taliera,NA,US,NA,NA,PRESENT,NA,bd561840-efdc-11d9-a329-b8a03c50a862,44.7316,-93.178,NA,NA,NA,NA,NA,NA,4/29/88 0:00,29,4,1988,5293456,5293456,PRESERVED_SPECIMEN,FTG,Herbarium,87992,1806,NA,NA,CC_BY_4_0,NA,"R. W. Sanders, C. E. Hubbuch",NA,NA,4/26/23 1:49,StillImage,GEODETIC_DATUM_ASSUMED_WGS84;COORDINATE_UNCERTAINTY_METERS_INVALID;CONTINENT_DERIVED_FROM_COORDINATES;INSTITUTION_COLLECTION_MISMATCH,EX
122930512,832cb04e-f762-11e1-a439-00145eb45e9a,678EFE32-E9C1-4206-B2AE-6676E250A7EB,Plantae,Tracheophyta,Liliopsida,Arecales,Arecaceae,Corypha,Corypha taliera,NA,SPECIES,Corypha taliera Roxb.,Corypha taliera,NA,US,NA,NA,PRESENT,NA,bd561840-efdc-11d9-a329-b8a03c50a862,44.7316,-93.178,NA,NA,NA,NA,NA,NA,1/15/99 0:00,15,1,1999,5293456,5293456,PRESERVED_SPECIMEN,FTG,Herbarium,84816,WJB984,NA,NA,CC_BY_4_0,NA,W. J. Baker,NA,NA,4/26/23 1:49,StillImage,GEODETIC_DATUM_ASSUMED_WGS84;COORDINATE_UNCERTAINTY_METERS_INVALID;CONTINENT_DERIVED_FROM_COORDINATES;INSTITUTION_COLLECTION_MISMATCH,EX
122930355,832cb04e-f762-11e1-a439-00145eb45e9a,01E62D95-029A-465A-B1BD-46E79194DA39,Plantae,Tracheophyta,Liliopsida,Arecales,Arecaceae,Corypha,Corypha taliera,NA,SPECIES,Corypha taliera Roxb.,Corypha taliera,NA,US,NA,NA,PRESENT,NA,bd561840-efdc-11d9-a329-b8a03c50a862,44.7316,-93.178,NA,NA,NA,NA,NA,NA,4/29/88 0:00,29,4,1988,5293456,5293456,PRESERVED_SPECIMEN,FTG,Herbarium,64420,1806,NA,NA,CC_BY_4_0,NA,"R. W. Sanders, C. E. Hubbuch",NA,NA,4/26/23 1:49,StillImage,GEODETIC_DATUM_ASSUMED_WGS84;COORDINATE_UNCERTAINTY_METERS_INVALID;CONTINENT_DERIVED_FROM_COORDINATES;INSTITUTION_COLLECTION_MISMATCH,EX
1228627463,90c853e6-56bd-480b-8e8f-6285c3f8d42b,082e1ea8-44ab-4c8d-bd3c-386484793317,Plantae,Tracheophyta,Magnoliopsida,Asterales,Campanulaceae,Delissea,Delissea subcordata,NA,SPECIES,Delissea subcordata Gaudich.,Delissea subcordata Gaudich.,NA,US,Hawaii,Hawaii,PRESENT,NA,7b8aff00-a9f8-11d8-944b-b8a03c50a862,19.5,-155.5,NA,NA,NA,NA,NA,NA,NA,NA,NA,NA,3164971,3164971,PRESERVED_SPECIMEN,F,Botany,V0090745F,1813,NA,NA,CC0_1_0,The Field Museum of Natural History,C. N. Forbes,NA,NA,1/24/23 22:50,StillImage,GEODETIC_DATUM_ASSUMED_WGS84;AMBIGUOUS_COLLECTION;INSTITUTION_MATCH_FUZZY,EX
1228435073,90c853e6-56bd-480b-8e8f-6285c3f8d42b,94d57d27-2332-43b1-9566-07cc88627471,Plantae,Tracheophyta,Magnoliopsida,Asterales,Campanulaceae,Delissea,Delissea subcordata,NA,SPECIES,Delissea subcordata Gaudich.,Delissea subcordata Gaudich.,NA,US,Hawaii,Hawaii,PRESENT,NA,7b8aff00-a9f8-11d8-944b-b8a03c50a862,19.5,-155.5,NA,NA,NA,NA,NA,NA,NA,NA,NA,NA,3164971,3164971,PRESERVED_SPECIMEN,F,Botany,V0090746F,573,NA,NA,CC0_1_0,The Field Museum of Natural History,H. Mann & W. T. Brigham,NA,NA,1/24/23 22:51,StillImage,GEODETIC_DATUM_ASSUMED_WGS84;AMBIGUOUS_COLLECTION;INSTITUTION_MATCH_FUZZY,EX
1228371467,90c853e6-56bd-480b-8e8f-6285c3f8d42b,54a2de75-16ee-4714-92a5-d83d99db7fa2,Plantae,Tracheophyta,Magnoliopsida,Asterales,Campanulaceae,Delissea,Delissea subcordata,NA,SPECIES,Delissea subcordata Gaudich.,Delissea subcordata Gaudich.,NA,US,Hawaii,Hawaii,PRESENT,NA,7b8aff00-a9f8-11d8-944b-b8a03c50a862,19.5,-155.5,NA,NA,NA,NA,NA,NA,NA,NA,NA,NA,3164971,3164971,PRESERVED_SPECIMEN,F,Botany,V0090747F,573,NA,NA,CC0_1_0,The Field Museum of Natural History,H. Mann & W. T. Brigham,NA,NA,1/24/23 22:49,StillImage,GEODETIC_DATUM_ASSUMED_WGS84;AMBIGUOUS_COLLECTION;INSTITUTION_MATCH_FUZZY,EX
1228258496,90c853e6-56bd-480b-8e8f-6285c3f8d42b,9560ad93-516a-409a-89e2-40a8fff21edf,Plantae,Tracheophyta,Magnoliopsida,Ericales,Theaceae,Franklinia,Franklinia alatamaha,NA,SPECIES,Franklinia alatamaha Bartram ex Marshall,Franklinia alatamaha Marshall,NA,US,United States of America,NA,PRESENT,NA,7b8aff00-a9f8-11d8-944b-b8a03c50a862,38,-98,NA,NA,NA,NA,NA,NA,NA,NA,NA,NA,5421082,5421082,PRESERVED_SPECIMEN,F,Botany,NA,NA,NA,NA,CC0_1_0,The Field Museum of Natural History,NA,NA,NA,1/24/23 22:49,NA,GEODETIC_DATUM_ASSUMED_WGS84;AMBIGUOUS_COLLECTION;INSTITUTION_MATCH_FUZZY,EX
1212007884,5288946d-5fcf-4b53-8fd3-74f4cc6b53fc,NA,Plantae,Tracheophyta,Magnoliopsida,Ericales,Theaceae,Franklinia,Franklinia alatamaha,NA,SPECIES,Franklinia alatamaha Bartram ex Marshall,Franklinia alatamaha Bartram ex Marshall,NA,US,South Dennis,Massachusetts,PRESENT,NA,1ef55060-54da-11dd-9d47-b8a03c50a862,41.68944,-70.15694,5000,NA,NA,NA,NA,NA,10/1/88 0:00,1,10,1988,5421082,5421082,PRESERVED_SPECIMEN,UConn,CONN,CONN00169793,9001,NA,NA,CC_BY_4_0,NA,N.H. Nickerson,NA,NA,4/24/23 10:06,NA,GEODETIC_DATUM_ASSUMED_WGS84;CONTINENT_DERIVED_FROM_COORDINATES;INSTITUTION_MATCH_NONE,EX
1212007877,5288946d-5fcf-4b53-8fd3-74f4cc6b53fc,NA,Plantae,Tracheophyta,Magnoliopsida,Ericales,Theaceae,Franklinia,Franklinia alatamaha,NA,SPECIES,Franklinia alatamaha Bartram ex Marshall,Franklinia alatamaha Bartram ex Marshall,NA,US,Gardens at 74 Knowlton Hill Road.,Connecticut,PRESENT,NA,1ef55060-54da-11dd-9d47-b8a03c50a862,41.83472,-72.20055,1,NA,NA,NA,NA,NA,8/27/01 0:00,27,8,2001,5421082,5421082,PRESERVED_SPECIMEN,UConn,CONN,CONN00169792,4226,NA,NA,CC_BY_4_0,NA,G.J. Anderson,NA,NA,4/24/23 10:05,NA,GEODETIC_DATUM_ASSUMED_WGS84;CONTINENT_DERIVED_FROM_COORDINATES;INSTITUTION_MATCH_NONE,EX
1144670433,f577c9f3-ae71-4278-b6bf-512ba1dfaa21,NA,Plantae,Tracheophyta,Magnoliopsida,Asterales,Campanulaceae,Delissea,Delissea undulata,NA,SPECIES,Delissea undulata Gaudich.,Delissea undulata Gaudich.,NA,US,Hawaii - Iles Sandwich,NA,PRESENT,NA,43a26bbf-466a-4335-96cc-01d0656c614a,19.58333,-155.5,NA,NA,NA,NA,NA,NA,NA,NA,NA,NA,3164965,3164965,PRESERVED_SPECIMEN,G,Geneva Herbarium – General Collection (G),G-G-193198/1,NA,NA,NA,CC_BY_NC_4_0,NA,"Gaudichaud-Beaupré, C. (Coll. Delessert)",TYPE,NA,1/25/23 0:34,NA,GEODETIC_DATUM_ASSUMED_WGS84;CONTINENT_DERIVED_FROM_COORDINATES;RECORDED_DATE_INVALID;COLLECTION_MATCH_NONE;INSTITUTION_MATCH_FUZZY,EX
1144654457,f577c9f3-ae71-4278-b6bf-512ba1dfaa21,NA,Plantae,Tracheophyta,Magnoliopsida,Asterales,Campanulaceae,Cyanea,Cyanea superba,regina,SUBSPECIES,Cyanea superba subsp. regina (Wawra) Lammers,Cyanea superba subsp. regina (Wawra) Lammers,NA,US,Oahu,NA,PRESENT,NA,43a26bbf-466a-4335-96cc-01d0656c614a,21.46667,-157.98333,3000,NA,NA,NA,NA,NA,NA,NA,NA,NA,5412249,5412245,PRESERVED_SPECIMEN,G,Geneva Herbarium – General Collection (G),G-G-190425/1,NA,"Lammers, T. G. (1990)",NA,CC_BY_NC_4_0,NA,"Wawra (von Fernsee), H. (Coll. De Candolle)",ISOTYPE,NA,1/25/23 0:35,NA,GEODETIC_DATUM_ASSUMED_WGS84;CONTINENT_DERIVED_FROM_COORDINATES;RECORDED_DATE_INVALID;COLLECTION_MATCH_NONE;INSTITUTION_MATCH_FUZZY,EX
1144654431,f577c9f3-ae71-4278-b6bf-512ba1dfaa21,NA,Plantae,Tracheophyta,Magnoliopsida,Asterales,Campanulaceae,Cyanea,Cyanea pinnatifida,NA,SPECIES,Cyanea pinnatifida (Cham.) E.Wimm.,Cyanea pinnatifida (Cham.) E. Wimm.,NA,US,Hawaii,NA,PRESENT,NA,43a26bbf-466a-4335-96cc-01d0656c614a,19.58333,-155.5,NA,NA,NA,NA,NA,NA,8/7/32 0:00,7,8,1932,5412279,5412279,PRESERVED_SPECIMEN,G,Geneva Herbarium – General Collection (G),G-G-190429/1,NA,NA,NA,CC_BY_NC_4_0,NA,"Degener, O. & W. Bush",TYPE,NA,1/25/23 0:35,NA,GEODETIC_DATUM_ASSUMED_WGS84;CONTINENT_DERIVED_FROM_COORDINATES;COLLECTION_MATCH_NONE;INSTITUTION_MATCH_FUZZY,EX
1144647733,f577c9f3-ae71-4278-b6bf-512ba1dfaa21,NA,Plantae,Tracheophyta,Magnoliopsida,Lamiales,Gesneriaceae,Cyrtandra,Cyrtandra waiolani,NA,SPECIES,Cyrtandra waiolani Wawra,Cyrtandra waiolani Wawra,NA,US,"Oahu - Iles Sandwich, Oahu, Punaliuu",NA,PRESENT,NA,43a26bbf-466a-4335-96cc-01d0656c614a,21.46667,-157.98333,3000,NA,NA,NA,NA,NA,NA,NA,NA,NA,5415164,5415164,PRESERVED_SPECIMEN,G,Geneva Herbarium – General Collection (G),G-G-273747/1,NA,"Wagner, W. L. (2008)",NA,CC_BY_NC_4_0,NA,"Faurie, U. J. (Coll. Delessert)",ISOTYPE,NA,1/25/23 0:35,NA,GEODETIC_DATUM_ASSUMED_WGS84;CONTINENT_DERIVED_FROM_COORDINATES;RECORDED_DATE_INVALID;COLLECTION_MATCH_NONE;INSTITUTION_MATCH_FUZZY,EX
1090166928,b929f23d-290f-4e85-8f17-764c55b3b284,17277a4b-a208-442e-97ce-01275fad9e3b,Plantae,Tracheophyta,Magnoliopsida,Malvales,Malvaceae,Kokia,Kokia cookei,NA,SPECIES,Kokia cookei O.Deg.,Kokia cookei,O.Deg.,US,"Koloa, Lawai Valley, NTBG, Pump 6, Nursery",Hawaii,PRESENT,NA,90cc71b0-055b-11d8-b84e-b8a03c50a862,21.9,-159.508,NA,NA,NA,NA,NA,NA,4/3/03 0:00,3,4,2003,5406805,5406805,PRESERVED_SPECIMEN,BPBM,BISH,719356,Collector Number: 161,NA,NA,CC0_1_0,Bernice Pauahi Bishop Museum,"Dunn, L.",NA,NA,1/24/23 23:20,NA,GEODETIC_DATUM_ASSUMED_WGS84;CONTINENT_DERIVED_FROM_COORDINATES;INSTITUTION_MATCH_FUZZY;COLLECTION_MATCH_FUZZY,EX